-- MySQL dump 10.13  Distrib 8.0.40, for Linux (x86_64)
--
-- Host: localhost    Database: hospital_database
-- ------------------------------------------------------
-- Server version	8.0.40-0ubuntu0.22.04.1

/*!40101 SET @OLD_CHARACTER_SET_CLIENT=@@CHARACTER_SET_CLIENT */;
/*!40101 SET @OLD_CHARACTER_SET_RESULTS=@@CHARACTER_SET_RESULTS */;
/*!40101 SET @OLD_COLLATION_CONNECTION=@@COLLATION_CONNECTION */;
/*!50503 SET NAMES utf8mb4 */;
/*!40103 SET @OLD_TIME_ZONE=@@TIME_ZONE */;
/*!40103 SET TIME_ZONE='+00:00' */;
/*!40014 SET @OLD_UNIQUE_CHECKS=@@UNIQUE_CHECKS, UNIQUE_CHECKS=0 */;
/*!40014 SET @OLD_FOREIGN_KEY_CHECKS=@@FOREIGN_KEY_CHECKS, FOREIGN_KEY_CHECKS=0 */;
/*!40101 SET @OLD_SQL_MODE=@@SQL_MODE, SQL_MODE='NO_AUTO_VALUE_ON_ZERO' */;
/*!40111 SET @OLD_SQL_NOTES=@@SQL_NOTES, SQL_NOTES=0 */;

--
-- Table structure for table `Diseases`
--

DROP TABLE IF EXISTS `Diseases`;
/*!40101 SET @saved_cs_client     = @@character_set_client */;
/*!50503 SET character_set_client = utf8mb4 */;
CREATE TABLE `Diseases` (
  `disease_id` int NOT NULL,
  `disease_name` varchar(255) NOT NULL,
  `medication_id` int DEFAULT NULL,
  `doctor_id` int DEFAULT NULL,
  PRIMARY KEY (`disease_id`),
  KEY `medication_id` (`medication_id`),
  KEY `doctor_id` (`doctor_id`),
  CONSTRAINT `Diseases_ibfk_1` FOREIGN KEY (`medication_id`) REFERENCES `medications` (`medication_id`),
  CONSTRAINT `Diseases_ibfk_2` FOREIGN KEY (`doctor_id`) REFERENCES `doctors` (`doctor_id`)
) ENGINE=InnoDB DEFAULT CHARSET=utf8mb4 COLLATE=utf8mb4_0900_ai_ci;
/*!40101 SET character_set_client = @saved_cs_client */;

--
-- Dumping data for table `Diseases`
--

LOCK TABLES `Diseases` WRITE;
/*!40000 ALTER TABLE `Diseases` DISABLE KEYS */;
INSERT INTO `Diseases` VALUES (600,'Diabetes Mellitus',331,1),(601,'Hypertension',332,2),(602,'Asthma',333,3),(603,'Chronic Obstructive Pulmonary Disease',334,4),(604,'Coronary Artery Disease',335,5),(605,'Alzheimer\'s Disease',336,6),(606,'Parkinson\'s Disease',337,7),(607,'Stroke',338,8),(608,'Rheumatoid Arthritis',339,9),(609,'Systemic Lupus Erythematosus',340,10),(610,'Multiple Sclerosis',341,11),(611,'Epilepsy',342,12),(612,'Migraine',343,13),(613,'Tuberculosis',344,14),(614,'Hepatitis B',345,15),(615,'Hepatitis C',346,16),(616,'HIV/AIDS',347,17),(617,'Malaria',348,18),(618,'Dengue Fever',349,19),(619,'Cholera',350,20),(620,'Zika Virus',351,21),(621,'Ebola Virus Disease',352,22),(622,'Lyme Disease',353,23),(623,'Celiac Disease',354,24),(624,'Crohn\'s Disease',355,25),(625,'Ulcerative Colitis',356,26),(626,'Irritable Bowel Syndrome',357,27),(627,'Gastroesophageal Reflux Disease',358,28),(628,'Peptic Ulcer Disease',359,29),(629,'Chronic Kidney Disease',360,30),(630,'Endometriosis',361,31),(631,'Polycystic Ovary Syndrome',362,32),(632,'Prostate Cancer',363,33),(633,'Breast Cancer',364,34),(634,'Lung Cancer',365,35),(635,'Colorectal Cancer',366,36),(636,'Pancreatic Cancer',367,37),(637,'Melanoma',368,38),(638,'Leukemia',369,39),(639,'Lymphoma',370,40),(640,'Myeloma',371,41),(641,'Osteoporosis',372,42),(642,'Psoriasis',373,43),(643,'Eczema',374,44),(644,'Dermatitis',375,45),(645,'Cystic Fibrosis',376,46),(646,'Sickle Cell Anemia',377,47),(647,'Thalassemia',378,48),(648,'Hemophilia',379,49),(649,'Gout',380,50),(650,'Obesity',381,51),(651,'Anorexia Nervosa',382,52),(652,'Bulimia Nervosa',383,53),(653,'Autism Spectrum Disorder',384,54),(654,'Attention Deficit Hyperactivity Disorder',385,55),(655,'Schizophrenia',386,56),(656,'Bipolar Disorder',387,57),(657,'Depression',388,58),(658,'Anxiety Disorders',389,59),(659,'Post-Traumatic Stress Disorder',390,60),(660,'Obsessive-Compulsive Disorder',391,61),(661,'Sleep Apnea',392,62),(662,'Restless Legs Syndrome',393,63),(663,'Fibromyalgia',394,64),(664,'Chronic Fatigue Syndrome',395,65),(665,'Tinnitus',396,66),(666,'Vertigo',397,67),(667,'Glaucoma',398,68),(668,'Cataract',399,69),(669,'Macular Degeneration',400,70),(670,'Conjunctivitis',401,71),(671,'Tonsillitis',402,72),(672,'Sinusitis',403,73),(673,'Otitis Media',404,74),(674,'Bronchitis',405,75),(675,'Pneumonia',406,76),(676,'Pulmonary Fibrosis',407,77),(677,'Sarcoidosis',408,78),(678,'Amyotrophic Lateral Sclerosis',409,79),(679,'Huntington\'s Disease',410,80),(680,'Wilson\'s Disease',411,81),(681,'Cushing\'s Syndrome',412,82),(682,'Addison\'s Disease',413,83),(683,'Graves\' Disease',414,84),(684,'Hashimoto\'s Thyroiditis',415,85),(685,'Hypothyroidism',416,86),(686,'Hyperthyroidism',417,87),(687,'Acromegaly',418,88),(688,'Gigantism',419,89),(689,'Marfan Syndrome',420,90),(690,'Ehlers-Danlos Syndrome',421,91),(691,'Down Syndrome',422,92),(692,'Turner Syndrome',423,93),(693,'Klinefelter Syndrome',424,94),(694,'Phenylketonuria',425,95),(695,'Duchenne Muscular Dystrophy',426,96),(696,'Spinal Muscular Atrophy',427,97),(697,'Tay-Sachs Disease',428,98),(698,'Gaucher Disease',429,99),(699,'Huntington\'s Disease',430,100);
/*!40000 ALTER TABLE `Diseases` ENABLE KEYS */;
UNLOCK TABLES;

--
-- Table structure for table `Patients`
--

DROP TABLE IF EXISTS `Patients`;
/*!40101 SET @saved_cs_client     = @@character_set_client */;
/*!50503 SET character_set_client = utf8mb4 */;
CREATE TABLE `Patients` (
  `nhs_number` bigint NOT NULL,
  `patient_name` varchar(255) NOT NULL,
  `patient_prename` varchar(255) NOT NULL,
  `patient_address` text NOT NULL,
  `DoB` date NOT NULL,
  `gender` enum('male','female','other') NOT NULL,
  `doctor_id` int NOT NULL,
  PRIMARY KEY (`nhs_number`),
  KEY `doctor_id` (`doctor_id`),
  CONSTRAINT `Patients_ibfk_1` FOREIGN KEY (`doctor_id`) REFERENCES `doctors` (`doctor_id`)
) ENGINE=InnoDB DEFAULT CHARSET=utf8mb4 COLLATE=utf8mb4_0900_ai_ci;
/*!40101 SET character_set_client = @saved_cs_client */;

--
-- Dumping data for table `Patients`
--

LOCK TABLES `Patients` WRITE;
/*!40000 ALTER TABLE `Patients` DISABLE KEYS */;
INSERT INTO `Patients` VALUES (1008126622,'Garner','Bradley','323 Victoria Road, Leeds, S2A9 5Y, England','2024-08-14','other',71),(1043672092,'Carney','Nicholas','431 Victoria Road, Liverpool, B8G6 3K, England','2013-03-07','other',13),(1059121755,'Ashley','Travis','260 Baker Street, Birmingham, Y7Q3 5T, England','1971-04-06','female',57),(1066417490,'Chandler','Kimberly','31 Station Road, Manchester, G3V2 5P, England','2019-11-25','male',85),(1110371473,'Stewart','Alicia','122 Victoria Road, Manchester, U2G6 2Z, England','1980-01-14','other',79),(1115112666,'Dennis','Laura','282 Baker Street, London, E5H1 6Q, England','1964-06-10','male',40),(1131221464,'Mccarthy','Amber','324 Station Road, Birmingham, I6T2 8W, England','2009-01-06','other',25),(1182357078,'Reyes','Mark','185 Baker Street, Manchester, V8T2 1I, England','2012-02-08','female',80),(1188288290,'Evans','Sherri','328 High Street, London, O3Q9 4P, England','1944-07-25','other',53),(1248667449,'Wilkinson','Sally','398 Park Avenue, London, B9S5 4O, England','1928-06-15','female',28),(1256602709,'Lopez','Stephanie','404 Park Avenue, Liverpool, R3C1 5S, England','1929-09-16','female',90),(1269387088,'Morton','Jessica','105 Park Avenue, Manchester, I4K5 1W, England','1973-05-27','female',78),(1269637094,'Dawson','Hannah','28 High Street, Manchester, F4M4 7O, England','2005-07-07','male',93),(1280214306,'Harmon','John','27 Baker Street, Leeds, W8G7 5C, England','2009-03-19','other',90),(1285141862,'Goodman','Kerry','147 Victoria Road, Liverpool, G3D1 9U, England','2011-06-12','other',51),(1298696848,'Taylor','Steven','351 Station Road, Liverpool, V7V1 7Q, England','1940-08-26','female',80),(1300877091,'Turner','Laura','351 Station Road, Leeds, X4S1 3Z, England','1947-01-05','other',81),(1306224634,'Sweeney','Michael','383 Station Road, London, S1Y4 4O, England','2005-01-20','other',98),(1310841406,'White','Jesus','132 Baker Street, Birmingham, E1W6 8H, England','1951-11-26','male',73),(1347127385,'Martinez','Gary','475 High Street, Birmingham, L5G8 1Y, England','1940-02-11','female',89),(1350099487,'Ramirez','Thomas','342 Baker Street, Manchester, O9A4 7N, England','1933-07-31','male',6),(1371072812,'Mays','Kelsey','123 Station Road, Leeds, K7T7 8K, England','1956-04-19','male',20),(1372620458,'Hill','Charles','275 Station Road, London, H2K9 5T, England','2022-06-03','male',16),(1395306898,'Silva','Henry','412 High Street, Liverpool, M7K4 2G, England','1947-09-30','other',89),(1398908798,'Galvan','Harry','318 Baker Street, Leeds, D3E2 6G, England','2019-10-13','other',59),(1403130821,'Mason','Shelby','30 Station Road, Manchester, O1W1 4G, England','1941-01-26','other',27),(1408553209,'Brown','Daniel','295 Park Avenue, Liverpool, O9W1 9G, England','2018-01-26','other',22),(1438570863,'Wilson','Nicole','405 Victoria Road, Birmingham, K3S2 9J, England','2001-06-10','other',23),(1450850556,'Tucker','Kristin','472 Victoria Road, Birmingham, H6J9 6T, England','1997-02-13','other',15),(1453048199,'Foster','Megan','54 Park Avenue, Liverpool, H4W5 1A, England','1938-10-26','male',12),(1464758851,'Oneal','Joshua','148 Station Road, Liverpool, P8I6 8M, England','1991-09-22','other',21),(1478098028,'Savage','Sarah','145 Park Avenue, Manchester, N4K8 1C, England','1936-09-09','male',74),(1481358879,'Parsons','Betty','109 Park Avenue, Liverpool, U9S4 4X, England','1976-05-08','female',6),(1507929743,'Rodriguez','Deanna','283 Park Avenue, Birmingham, B8S7 9A, England','1947-02-17','other',90),(1512678675,'Whitehead','Brandon','361 Station Road, Leeds, O8M3 6S, England','2009-09-11','other',3),(1520859138,'Jones','Samantha','489 Victoria Road, London, R8X3 7J, England','1976-02-24','other',12),(1527115200,'Jefferson','Jesse','374 High Street, Manchester, B3P3 4Y, England','1935-08-12','other',96),(1566214037,'Robles','Marilyn','78 Park Avenue, Birmingham, J1R8 4S, England','1939-11-08','other',79),(1576013632,'Austin','Chris','210 Station Road, London, M2P3 1N, England','1931-01-20','other',86),(1591729974,'Brady','Sarah','464 Baker Street, Manchester, V6Y1 7V, England','1929-09-09','other',44),(1598861512,'Anderson','Barbara','206 Victoria Road, Leeds, S3Z4 2A, England','1943-01-13','male',61),(1670946123,'Meyer','Amy','347 High Street, Birmingham, B5G8 9G, England','1925-07-10','male',95),(1683877054,'Davis','Kyle','189 Victoria Road, Birmingham, C4D1 1M, England','2003-05-26','other',13),(1709355320,'Mcneil','Robin','387 Victoria Road, Liverpool, T4X6 2U, England','1987-11-01','other',37),(1724063022,'Black','Brandy','243 Park Avenue, Liverpool, W1Q3 4G, England','1943-07-13','female',58),(1729351600,'Olson','Yolanda','88 Baker Street, Birmingham, D1O3 8I, England','1970-09-26','other',63),(1736407918,'Peters','Jessica','382 Baker Street, Leeds, N1F9 4L, England','2000-05-17','male',31),(1738818567,'Parker','Carolyn','180 Park Avenue, Liverpool, W3F7 2K, England','1961-11-19','other',52),(1744582863,'Marquez','Courtney','201 High Street, Leeds, X4B8 9W, England','1990-11-14','other',90),(1753525437,'Arnold','Jeremy','164 High Street, London, C1L4 2R, England','1979-09-21','other',42),(1760099157,'Schmidt','Larry','78 Victoria Road, London, C3A2 9F, England','1992-05-05','other',28),(1777957780,'Best','Robert','450 Station Road, London, N4J7 7H, England','1946-05-02','female',11),(1832102648,'Fernandez','Jose','191 Victoria Road, Birmingham, E8Q3 3O, England','1971-05-08','male',78),(1835824178,'Tucker','Dana','94 Station Road, Birmingham, C4R1 5V, England','1943-05-30','female',75),(1854266731,'Smith','Kimberly','51 Baker Street, Leeds, Z1X8 1G, England','1996-07-10','male',47),(1854316223,'Riley','Jonathan','96 Station Road, Liverpool, V8X9 5L, England','2006-04-09','other',35),(1881674472,'Villanueva','Ryan','339 Baker Street, Leeds, Q8R9 9P, England','1976-05-11','other',61),(1903329713,'Thomas','Jared','250 Baker Street, London, E4E4 7C, England','2004-09-24','male',25),(1909102377,'Rose','Monica','359 Park Avenue, Manchester, G4M7 5A, England','1965-06-21','other',7),(1910099330,'Herrera','Kristin','447 Station Road, London, D8H3 6J, England','1997-02-12','female',10),(1911199654,'Foster','Tracy','308 Victoria Road, London, P9Z4 8C, England','1959-06-17','female',84),(1925841771,'Carroll','Virginia','224 Station Road, Manchester, H6Q8 7Z, England','1931-10-01','male',81),(1946497124,'Salazar','Ryan','185 High Street, London, U8Q5 2S, England','1970-11-01','male',26),(1953762321,'Lane','Michael','358 High Street, Manchester, V8N1 6M, England','1984-07-11','other',34),(1966742098,'Rice','Jonathan','35 High Street, Birmingham, S6K2 3O, England','1938-08-22','male',65),(1968521096,'Brown','Catherine','217 High Street, Leeds, V4S5 3M, England','2019-07-13','male',66),(1970059787,'Mitchell','Andrea','211 Victoria Road, Birmingham, S3L2 1F, England','1986-07-18','male',51),(1971402941,'Holmes','Michael','486 Station Road, London, X8N9 6K, England','1976-12-18','male',90),(1983093171,'Hudson','Amanda','440 Station Road, Liverpool, W2E1 4P, England','1974-11-29','female',74),(1985310331,'Gillespie','Brooke','111 Park Avenue, Liverpool, T7F3 4X, England','2015-06-12','female',79),(2027666540,'Brown','Jesse','125 Station Road, London, E9F1 5I, England','1945-08-24','other',23),(2034909478,'Perez','Joseph','167 High Street, London, K4B9 8G, England','1973-09-21','other',12),(2040131563,'Barker','Jenna','313 Park Avenue, Manchester, D5J8 1P, England','1974-08-06','other',51),(2067158300,'Marquez','James','229 Station Road, Leeds, U6H3 1Z, England','2006-06-29','other',86),(2074540177,'Tucker','Christopher','477 Station Road, Leeds, S5P2 3Y, England','1949-01-24','male',7),(2089561260,'Harris','Sarah','323 Park Avenue, Birmingham, M6D3 8X, England','2022-09-19','male',23),(2098288135,'Hall','Jennifer','243 Baker Street, Leeds, U5Z7 3V, England','2002-02-16','female',77),(2102655670,'Reeves','Lisa','469 Park Avenue, London, Y4V5 3T, England','2013-05-03','female',37),(2129504499,'Davis','Joseph','426 Baker Street, Liverpool, A1D8 3E, England','1961-05-02','other',42),(2131396274,'Davis','Chad','58 Baker Street, Liverpool, A9N5 7C, England','1964-11-19','female',77),(2139240655,'Hurst','Michael','454 High Street, Manchester, X3H9 8I, England','1927-09-16','female',29),(2156028585,'Dean','Amber','239 High Street, Leeds, O2N5 6H, England','2015-06-06','other',85),(2178696058,'Moran','Justin','414 Park Avenue, Liverpool, K3E5 6E, England','1964-03-16','female',23),(2184378629,'Dudley','Lindsay','376 Baker Street, Birmingham, J6U9 8E, England','1949-04-12','male',76),(2239558229,'Owens','Carlos','391 Park Avenue, Manchester, F8B7 4T, England','1928-03-15','male',43),(2249147400,'Bradley','Christina','152 Park Avenue, Leeds, K2E5 2R, England','1975-09-05','female',93),(2273638739,'Stephens','Matthew','299 High Street, Birmingham, E4O3 2L, England','2004-07-05','male',5),(2295705897,'Delgado','Lisa','52 Station Road, Leeds, R4Y1 9X, England','1999-11-29','male',95),(2328490799,'Lawson','Christine','233 Baker Street, Leeds, C4P8 5N, England','1930-07-07','female',59),(2345885056,'Fuentes','Andrew','83 Station Road, Leeds, Y2T1 2C, England','1947-09-07','other',5),(2347819056,'Franklin','Michael','268 Victoria Road, Leeds, X4O6 6D, England','1940-05-03','female',15),(2348469791,'Ford','Anthony','323 Station Road, London, K3B8 3Q, England','1963-01-13','female',3),(2387688880,'Howard','Anthony','420 Victoria Road, London, Z1H5 5S, England','1956-09-29','female',63),(2401861447,'Jackson','Deanna','32 Victoria Road, Manchester, L2J7 3S, England','1997-06-20','male',18),(2405278433,'Clark','Daniel','337 High Street, Manchester, M2D5 8R, England','1929-03-27','other',99),(2457352278,'Murphy','Jeanette','371 Park Avenue, Birmingham, R7E7 7J, England','1970-04-21','female',60),(2484418989,'Moore','Kristopher','216 Station Road, Liverpool, C8T9 9J, England','1938-03-10','female',26),(2509097351,'Brooks','Linda','394 Baker Street, Leeds, J3R7 2H, England','1956-01-21','female',11),(2519508378,'Williams','Joanna','104 High Street, Leeds, I7W7 1E, England','1980-05-18','other',45),(2555821693,'Aguilar','Karen','318 Victoria Road, Manchester, V6A6 2A, England','1994-08-09','other',57),(2561917609,'Banks','Lisa','78 Park Avenue, Birmingham, V4W4 7O, England','1957-01-12','other',8),(2565756212,'Pitts','Julie','369 Baker Street, London, Z4R7 8U, England','2004-12-07','female',66),(2566080914,'Turner','Andrew','36 Baker Street, Manchester, K3Q9 6G, England','1985-11-30','male',51),(2582286502,'Castaneda','Deborah','367 Station Road, Birmingham, X6J9 2B, England','1951-10-07','other',13),(2596390229,'Oconnor','Jamie','225 Victoria Road, London, P1Y7 7G, England','1973-09-10','female',48),(2600706975,'Arroyo','Stacey','441 Station Road, Manchester, L6W3 9N, England','1943-03-20','male',6),(2611353822,'Cannon','Lisa','476 High Street, London, D6T1 6I, England','2005-07-02','male',99),(2635920169,'Nguyen','Jean','344 High Street, London, X7K2 5M, England','2007-12-23','male',12),(2649359965,'Scott','James','97 Station Road, Manchester, U9T3 8C, England','1989-06-24','male',88),(2651899474,'Bentley','Andrew','128 Station Road, London, U9R2 2K, England','1965-08-21','male',92),(2700156571,'Wood','Kathryn','395 Baker Street, Manchester, Z5V9 3M, England','1960-11-13','other',55),(2707211125,'Mccarthy','Cheryl','183 Baker Street, Manchester, X8J8 2R, England','1954-05-21','female',72),(2711146398,'Moore','Timothy','418 Park Avenue, Manchester, C6F6 1N, England','1962-11-29','male',94),(2715791402,'Crawford','Dawn','477 Victoria Road, Liverpool, F9G9 2T, England','1944-12-01','male',90),(2718689504,'Contreras','William','49 Victoria Road, London, P9A6 8H, England','2009-08-29','male',46),(2732803134,'Hodges','Hector','146 High Street, London, L4O6 8Y, England','1984-07-16','other',49),(2754909163,'Diaz','Veronica','500 High Street, London, U8Z8 9O, England','1931-05-23','female',25),(2754926004,'Moore','Steven','219 Station Road, Manchester, H6E1 1L, England','1971-07-21','other',80),(2773797998,'Taylor','Brian','99 Station Road, London, R2Y2 7Z, England','2021-10-21','male',82),(2780723965,'Wilson','Daniel','142 High Street, London, V1W4 4U, England','2009-02-03','female',31),(2796924649,'Kline','Jacqueline','345 Baker Street, Manchester, O3V5 3I, England','1948-02-10','other',91),(2804386040,'Tran','Travis','390 Baker Street, Liverpool, J4V8 3M, England','1940-09-04','other',26),(2818066593,'Jones','Brian','180 Victoria Road, Leeds, J3R7 5N, England','2005-02-03','male',90),(2824052598,'Lewis','Richard','290 Victoria Road, Leeds, H5G9 6B, England','2022-09-30','other',15),(2842736194,'Rogers','Jose','422 Station Road, Birmingham, P1Q7 6F, England','1975-09-19','other',13),(2851469545,'White','Carolyn','380 Park Avenue, London, F9J9 5W, England','1960-07-18','male',52),(2855313381,'Marshall','Angela','309 Victoria Road, Leeds, B8D5 2C, England','1998-06-22','female',23),(2858281270,'Cooper','Kelsey','328 Baker Street, Manchester, P7G1 2K, England','1929-11-30','male',55),(2904139628,'Lozano','George','253 Victoria Road, Leeds, B3X4 2B, England','1952-11-09','other',35),(2918675506,'Sanchez','Vickie','257 Station Road, Manchester, H9Q8 5Y, England','1966-09-09','female',53),(2963860183,'Schmidt','Christian','64 Station Road, Manchester, R2L1 4B, England','1924-02-28','male',47),(2971412801,'Russell','Lindsay','107 Park Avenue, Liverpool, F5P7 8F, England','2008-09-10','other',46),(2974755500,'Robinson','Kimberly','465 High Street, Leeds, E5T8 2P, England','1925-10-07','female',33),(2981753047,'Burton','Devin','301 High Street, Birmingham, N1R3 1X, England','1946-04-15','male',16),(2986520601,'Moran','Theresa','30 Victoria Road, Manchester, T9L8 4L, England','2003-06-19','female',72),(2995890080,'Gill','Zachary','169 High Street, Leeds, J6P2 1L, England','2016-04-25','female',36),(2997598545,'Allen','Wesley','218 Park Avenue, Leeds, P2Z9 8Z, England','1976-10-09','male',14),(2999217355,'Underwood','Danielle','170 Baker Street, Liverpool, X9M4 7I, England','1980-04-17','female',42),(3010700984,'Gross','Lauren','418 Park Avenue, Liverpool, J4J5 7J, England','1931-06-03','other',85),(3011530705,'Welch','Christopher','217 Station Road, London, T6U9 5C, England','1960-05-15','female',22),(3020339045,'Proctor','Daisy','52 Station Road, Liverpool, A5M6 6G, England','1976-03-05','male',52),(3026063503,'Franco','Tanner','305 High Street, London, B4Z6 7K, England','1964-05-19','female',3),(3042087452,'Brock','Rebecca','74 Victoria Road, London, B9H9 6K, England','2017-09-09','male',49),(3049992079,'Alexander','John','94 High Street, London, T7Z5 2W, England','2022-03-24','male',54),(3055365147,'Williams','Abigail','410 Station Road, Manchester, Q2N5 7Y, England','1967-02-02','male',41),(3065556632,'Wright','Paula','38 Park Avenue, Leeds, I7Q3 4N, England','1956-06-04','female',49),(3067291478,'Brewer','Yesenia','453 Victoria Road, Liverpool, B2P5 4R, England','1945-09-10','female',73),(3087335479,'Cook','Emily','369 High Street, Birmingham, V6B6 1D, England','2024-03-26','female',27),(3145791185,'Villanueva','Brett','332 Baker Street, Liverpool, D5H6 3M, England','2007-11-05','other',46),(3198444843,'Taylor','Jessica','401 High Street, Birmingham, H5O7 1O, England','1964-08-14','male',2),(3207966203,'Anderson','Emma','304 Park Avenue, Manchester, Y8Q6 1A, England','1985-05-18','male',69),(3214646245,'Rodriguez','Jesse','245 Park Avenue, London, V6V4 1U, England','2007-01-12','male',100),(3232191128,'Smith','Emily','358 Baker Street, Leeds, G6L6 7S, England','2010-01-18','female',77),(3251084242,'Ochoa','Heather','492 Baker Street, Leeds, P1B2 7M, England','1937-04-06','female',52),(3263874538,'Lopez','Shannon','47 Park Avenue, Liverpool, U1S3 6H, England','2020-03-28','male',48),(3265171498,'Ortiz','Alicia','416 Park Avenue, London, C8S7 8R, England','2018-10-08','female',10),(3273896274,'Jones','Sandra','13 Park Avenue, Manchester, J5R7 6Q, England','1942-09-12','male',11),(3333180178,'Guerra','Joshua','150 Park Avenue, Birmingham, Q5H1 9I, England','2011-05-01','male',99),(3394760713,'Oneill','Robert','228 Park Avenue, Leeds, W9N7 9S, England','2007-03-31','male',6),(3396194918,'Wallace','Tiffany','204 Station Road, London, B4A4 9O, England','1949-11-27','male',81),(3428187541,'Baker','Alexandra','155 High Street, Liverpool, G5S3 9P, England','1927-09-02','other',55),(3431466075,'Jones','Gabriel','415 High Street, Manchester, O3F7 5A, England','1937-04-18','female',52),(3450383401,'Simmons','Alan','399 Baker Street, Birmingham, A7Z7 6L, England','2010-01-03','other',12),(3465904517,'Johnson','Christopher','84 Station Road, Manchester, P4D1 7G, England','1999-06-13','other',76),(3488417304,'Bass','Johnny','44 Baker Street, Birmingham, N7P9 7K, England','1968-02-08','female',27),(3510427357,'Collins','Kevin','355 Station Road, Manchester, C9H1 1Z, England','1944-02-20','other',88),(3514695716,'Martinez','Kent','213 Victoria Road, Birmingham, C1S1 5Z, England','2019-12-14','female',36),(3550276049,'Brown','Maria','389 Station Road, Leeds, O5Y5 1W, England','1979-11-17','male',33),(3557800415,'Manning','Steven','442 High Street, Leeds, I1I4 5I, England','1925-12-10','female',13),(3560047058,'Castro','Todd','475 Station Road, Birmingham, P9E3 9K, England','1989-12-10','other',82),(3584669269,'Fitzgerald','Haley','274 Baker Street, Liverpool, H4I8 2T, England','2010-01-16','male',94),(3587819218,'Cooper','Kyle','130 High Street, Birmingham, S7K6 8G, England','1938-11-26','male',92),(3612018021,'Richardson','Hannah','361 Park Avenue, Leeds, N6X8 1D, England','2009-01-14','male',84),(3625606218,'Mccarty','Curtis','13 Park Avenue, Leeds, P5S3 4J, England','1979-01-15','female',58),(3633877309,'Pitts','Michael','474 Baker Street, Leeds, S7H4 8P, England','2012-04-21','female',57),(3639282917,'Brown','Emily','406 Baker Street, Liverpool, N2I8 6F, England','2023-06-12','female',82),(3651175436,'Rose','Alice','465 Baker Street, Birmingham, J1Y3 8F, England','2016-05-03','female',76),(3656711033,'Jackson','Victoria','475 Station Road, Manchester, Z9M8 4S, England','1988-05-24','male',55),(3661044532,'Owens','Dana','309 Baker Street, Birmingham, G6P5 6Y, England','2002-06-14','other',81),(3676338118,'Morrison','Jason','380 High Street, London, Y8H6 7R, England','1954-12-30','other',36),(3692017460,'Morales','Stephanie','467 Victoria Road, Leeds, E7Z4 2O, England','1945-01-27','female',58),(3693476729,'Ryan','Crystal','2 High Street, Leeds, V8Q2 4J, England','1946-05-09','male',19),(3700305921,'Alvarez','Rickey','72 High Street, Birmingham, D4D3 8P, England','1970-08-08','other',4),(3707805819,'Robinson','Marie','323 Baker Street, Liverpool, I6O1 4T, England','1961-08-13','female',48),(3718806331,'Jones','Melanie','358 Victoria Road, Leeds, T8P5 1O, England','1976-06-21','other',89),(3737239761,'Bailey','Thomas','469 Station Road, London, F4R9 2H, England','1975-10-15','male',26),(3752459289,'Kelly','Mark','42 High Street, London, Y1W9 6B, England','1954-11-02','other',94),(3762149735,'Roman','Blake','287 Victoria Road, Liverpool, F1V9 4I, England','1950-12-31','female',17),(3797517764,'Norman','Paula','411 High Street, Liverpool, N5T8 9Y, England','1960-11-30','female',69),(3802149072,'Copeland','Jacob','307 Park Avenue, Liverpool, D6Z5 2V, England','2021-05-11','female',3),(3815542510,'Griffin','Jonathan','488 Station Road, London, F2R6 7D, England','2016-11-09','male',58),(3840066025,'Smith','Andre','338 High Street, Birmingham, U4D4 3G, England','1936-06-14','male',92),(3843375661,'Johnson','Daniel','465 Station Road, London, L6R8 6A, England','1980-10-19','male',76),(3874722366,'Estrada','Mark','143 Baker Street, Manchester, O4C4 1S, England','2024-12-13','other',93),(3879446813,'Ramirez','Emily','80 Station Road, Leeds, P2F7 9V, England','1927-08-14','male',92),(3884361386,'Roberts','Paul','305 Victoria Road, Liverpool, B7P7 3C, England','1934-06-12','male',54),(3913623033,'Evans','Mark','161 Station Road, Leeds, D2G4 3R, England','2000-10-18','male',52),(3920053289,'Morris','Kelly','215 Park Avenue, Birmingham, J5F3 1Y, England','1965-06-13','male',23),(3921662641,'Wright','Angela','378 Station Road, Liverpool, X7A3 9Y, England','1950-11-15','male',38),(3925277617,'Horton','Kathleen','275 Station Road, Manchester, U8O9 6O, England','1997-02-10','female',38),(3927737551,'Garcia','Bruce','435 Victoria Road, Birmingham, F4G4 9B, England','1924-12-09','female',68),(3930964198,'Torres','Scott','133 Baker Street, Manchester, K4J5 6O, England','1973-08-04','female',4),(3936489657,'Robles','Gavin','128 Baker Street, Birmingham, T1Q8 9E, England','1932-12-20','female',97),(3961999317,'Decker','Michael','116 Station Road, Manchester, J5G6 1Y, England','1934-05-16','male',33),(3974699461,'Hancock','Mark','33 Victoria Road, Manchester, M3K1 6Q, England','1949-05-17','male',6),(3977246721,'Harrison','Evan','351 Baker Street, Leeds, I4A3 2U, England','1951-01-02','other',7),(3983969776,'Jimenez','Elizabeth','189 Baker Street, Birmingham, W2U2 1B, England','2020-07-18','female',92),(3987937082,'Ward','Stephen','142 Station Road, Liverpool, Y7I2 5Y, England','1944-12-09','female',76),(3994977498,'Barajas','Todd','299 Baker Street, Birmingham, P2M9 2Y, England','1979-09-11','other',61),(4018242828,'Wright','David','268 High Street, London, G4Q3 8D, England','1931-04-10','female',66),(4028539201,'Moore','Francisco','235 Victoria Road, Birmingham, I8E5 5Z, England','1935-11-14','female',27),(4034880510,'Velez','Derrick','423 High Street, Liverpool, Z6N1 3I, England','1946-02-04','male',33),(4041141714,'Pineda','Lisa','226 Victoria Road, Liverpool, L8V2 1M, England','2000-09-27','other',25),(4059287171,'Jones','Steven','1 Station Road, London, K7Q5 5S, England','1976-03-28','female',43),(4060102679,'Stephenson','Shane','62 Park Avenue, Leeds, P1F8 3T, England','1997-07-24','male',71),(4118875605,'Osborn','Justin','208 Baker Street, Manchester, H6C7 1Q, England','1938-03-18','female',51),(4119617000,'Hill','Christopher','143 High Street, London, P3D9 6D, England','1930-07-02','female',8),(4123114580,'Calhoun','Amanda','89 Park Avenue, Liverpool, W9W5 3J, England','1969-07-25','male',38),(4176342698,'Lopez','Scott','135 Park Avenue, Leeds, Z8J2 1D, England','1938-02-13','female',86),(4184043461,'Stewart','Matthew','298 Victoria Road, Manchester, E7K6 6O, England','2009-11-08','male',22),(4211105460,'Henderson','John','237 Victoria Road, Manchester, X9J8 6U, England','1992-10-12','other',87),(4228470732,'Miller','William','257 Station Road, Birmingham, J4S1 4X, England','1936-05-13','male',36),(4290436159,'Guzman','Barbara','24 High Street, Leeds, L6B1 5O, England','2000-08-02','male',48),(4299333092,'Ortega','Barbara','244 Park Avenue, London, D3U4 8W, England','1978-09-19','other',71),(4313816775,'Ashley','Sean','210 Baker Street, Manchester, A7S2 8C, England','1930-12-04','female',89),(4333496738,'Moore','Kimberly','327 High Street, Liverpool, T4F2 2X, England','1957-06-30','male',22),(4402710693,'Sullivan','Matthew','407 Victoria Road, London, T6M7 7V, England','1966-11-12','other',16),(4403413030,'Goodman','Margaret','276 Park Avenue, Leeds, K7U7 8D, England','1961-08-22','female',28),(4417012135,'Webb','Aaron','408 Park Avenue, Liverpool, R9E8 8J, England','1968-11-21','other',11),(4462540034,'Gonzales','Beth','294 Park Avenue, Liverpool, I3P5 6W, England','1999-09-17','male',1),(4463849708,'Donaldson','Anne','404 Station Road, Birmingham, C2Q5 6S, England','1929-01-14','female',95),(4467277669,'Patterson','Christian','110 High Street, Manchester, Q9H1 8Q, England','1992-08-04','male',86),(4514863926,'Flores','Sherry','72 Station Road, Liverpool, P4U4 8Y, England','1948-05-12','other',94),(4515188342,'Cooper','Jennifer','394 Baker Street, Manchester, Z1Q9 9F, England','1955-01-18','female',35),(4515862088,'Anderson','David','489 Station Road, Liverpool, G2Q4 1C, England','1940-10-19','other',5),(4517573503,'Kelley','Andrew','342 Baker Street, Leeds, S9E6 4L, England','1958-06-12','male',47),(4531405156,'Thomas','Marc','237 Victoria Road, Birmingham, R4G9 9M, England','1934-02-20','female',51),(4545631206,'Green','Edward','151 Victoria Road, Manchester, A9P5 4A, England','2017-03-28','male',34),(4568610182,'Nichols','Robin','110 High Street, Liverpool, K4M2 6X, England','2021-04-05','other',73),(4589566458,'Richardson','Matthew','23 Baker Street, London, B9T1 9L, England','2010-12-17','female',16),(4629062256,'Smith','Larry','259 Victoria Road, Birmingham, A9R9 3S, England','2023-09-08','other',55),(4630021660,'Blevins','Christina','336 Park Avenue, Liverpool, A3E6 3C, England','2007-02-16','male',33),(4634201726,'Neal','Karen','116 Station Road, Manchester, F4L6 6R, England','1930-11-08','female',61),(4638907728,'Compton','Daniel','403 Baker Street, Liverpool, F1I6 5P, England','1978-09-24','male',96),(4657054869,'Wells','Jeremiah','195 Station Road, Liverpool, K3R3 1S, England','1975-06-21','female',84),(4663895606,'Johnson','Glen','462 Victoria Road, Birmingham, I4G8 5O, England','2007-12-23','other',11),(4707848516,'Peterson','Devin','363 High Street, Liverpool, O1F1 3Q, England','2019-08-09','female',64),(4720688902,'Nolan','Matthew','234 Victoria Road, Birmingham, N9I9 9J, England','2012-02-07','male',76),(4726389206,'Brown','William','109 Park Avenue, Birmingham, U4F9 4X, England','1932-05-03','other',90),(4726432594,'Holmes','Brenda','200 Victoria Road, Birmingham, K5L8 6P, England','1975-04-02','male',60),(4730067289,'Allen','William','444 Baker Street, Leeds, J5H2 5E, England','1959-06-12','other',43),(4741115164,'Allen','Eric','228 Baker Street, London, N5Z7 6O, England','1973-04-14','male',58),(4773395735,'Evans','Gabriel','351 Victoria Road, Liverpool, B4Y8 6J, England','1931-04-01','female',70),(4776326404,'Randall','Michaela','108 Victoria Road, Leeds, Y3S9 6C, England','1943-11-01','female',45),(4794951749,'Schultz','Melissa','27 High Street, Leeds, O7M9 9O, England','1971-01-21','other',42),(4796275705,'Smith','Robert','264 Station Road, Manchester, R6V3 2O, England','1971-12-02','male',9),(4834867340,'Scott','Jason','373 Station Road, Manchester, M2M1 1U, England','1945-08-05','male',4),(4852588802,'Mendoza','Kathy','229 High Street, Manchester, V8N1 7Y, England','2022-10-16','other',66),(4911069591,'Huff','John','99 Park Avenue, Liverpool, C2I3 3B, England','1954-12-28','other',42),(4956100226,'Wells','Brian','5 Station Road, London, K8Z5 4L, England','1967-07-02','other',31),(4983031724,'Estrada','Diana','254 Baker Street, Leeds, X9I8 6A, England','2017-07-05','other',70),(4985392519,'Johnson','Alexander','173 Baker Street, London, V9J3 1E, England','1998-12-09','male',4),(4985658472,'Schroeder','Kevin','382 Park Avenue, Manchester, M8Q2 1L, England','1982-07-29','male',18),(5005163453,'Hill','Carla','343 Victoria Road, London, T8X5 4H, England','2010-06-25','female',71),(5015246014,'Adams','Michael','38 Station Road, Manchester, T5O2 5V, England','1970-12-04','other',17),(5042456299,'Stevens','Tracy','399 Station Road, Liverpool, J4W1 4S, England','2008-04-30','female',87),(5048687803,'Goodman','Austin','105 Station Road, Leeds, E9O9 5O, England','2003-09-07','other',16),(5053989070,'Calderon','Andrew','317 Baker Street, Manchester, H4R7 6B, England','1949-02-10','other',63),(5070344026,'Wells','Shawn','465 High Street, Liverpool, S4N9 7N, England','1998-11-27','female',39),(5085037806,'Deleon','Heidi','310 Station Road, Manchester, M5K7 8W, England','1952-06-16','other',36),(5130432792,'Green','Margaret','368 Station Road, Manchester, D3R4 9T, England','1999-01-11','male',75),(5138505086,'Schaefer','Christina','331 Victoria Road, Leeds, Z1Q4 8U, England','2020-04-09','male',72),(5142798268,'Hodges','Marissa','22 Baker Street, Leeds, X1X1 1A, England','1955-07-09','female',100),(5154546087,'Reed','Randall','177 Victoria Road, London, A9O8 6Y, England','2022-07-02','male',94),(5187023287,'Velez','Kristopher','250 Park Avenue, Leeds, A5R4 9H, England','1981-06-11','other',61),(5195484101,'Scott','Julie','132 Victoria Road, Manchester, V8P5 2S, England','1969-11-02','male',83),(5209389425,'Solomon','Donna','444 Baker Street, Leeds, L3B8 9H, England','1980-04-08','female',42),(5240425028,'King','Joshua','335 High Street, Manchester, Z4O8 6B, England','1942-04-21','other',39),(5242413558,'Miller','Micheal','117 Station Road, Birmingham, S3H7 2J, England','1969-12-28','male',58),(5276889853,'Moore','David','459 Baker Street, Leeds, S1U2 3O, England','1975-10-26','other',90),(5284596574,'Huynh','Kimberly','39 High Street, Birmingham, W1P8 4G, England','2007-08-22','male',73),(5301395227,'Tran','Elizabeth','195 Park Avenue, Liverpool, D6U1 3A, England','1935-03-04','female',73),(5308713410,'Garcia','Christopher','320 High Street, London, C8A5 3R, England','2017-05-13','female',17),(5372116802,'Arnold','Patricia','324 Station Road, London, B2M6 1I, England','1929-08-08','other',54),(5405125803,'Holmes','Matthew','153 Victoria Road, London, L1F7 6P, England','1990-12-24','female',10),(5419368142,'Lucas','Amy','223 Park Avenue, Liverpool, A5J3 7V, England','1968-02-08','female',1),(5424117590,'Thomas','Kayla','442 Baker Street, Birmingham, Q8Z8 7A, England','2010-12-23','other',81),(5432772438,'Jones','Mary','217 Baker Street, Leeds, T7V4 8Z, England','1938-05-14','other',74),(5436877135,'Whitehead','Ian','259 Victoria Road, Liverpool, N2P4 7H, England','1942-11-10','female',28),(5452702351,'Brown','Rebecca','276 High Street, Leeds, V7K8 5O, England','1996-06-22','male',67),(5458501987,'Vega','Donna','234 Park Avenue, Liverpool, U1K1 7N, England','1930-09-21','female',26),(5470931270,'Smith','Brian','39 Victoria Road, Liverpool, W4I6 9V, England','1998-12-08','other',100),(5493086007,'Giles','Loretta','289 Park Avenue, Birmingham, E4X1 3L, England','2023-05-22','male',15),(5504884818,'Patel','William','161 Victoria Road, Birmingham, S7G7 7E, England','1989-10-19','other',53),(5512284339,'Jackson','Crystal','198 Victoria Road, Birmingham, W6C6 7G, England','1971-07-17','other',41),(5518352966,'Williams','Ashley','196 Station Road, Birmingham, K6O7 2H, England','2013-07-29','male',33),(5547325514,'Martinez','Rachel','500 High Street, Birmingham, I9W1 4G, England','1972-08-21','other',42),(5561239831,'Roberts','Cindy','91 Park Avenue, Liverpool, A8C2 9K, England','1944-01-06','other',16),(5563856688,'Cooper','Billy','399 Baker Street, Liverpool, Z9E9 8P, England','1940-02-16','female',94),(5571354623,'Williams','Jerry','252 High Street, Manchester, M8E3 4E, England','1972-03-10','female',8),(5609223023,'Cox','Susan','81 Park Avenue, Liverpool, N8O1 4X, England','1991-05-04','male',24),(5619625894,'Martin','Sharon','47 Station Road, Birmingham, T8N4 8E, England','2014-04-07','other',45),(5640364495,'Ramsey','Kristy','315 High Street, Liverpool, O4K3 4L, England','1983-03-29','female',40),(5642128656,'Carter','Patrick','451 Baker Street, London, M1F7 5M, England','1947-10-21','female',90),(5645230630,'Murphy','David','319 Park Avenue, Birmingham, A3X4 3T, England','1976-05-25','female',84),(5681434377,'Wilkerson','Amy','24 Baker Street, Leeds, J6I1 6O, England','1964-03-30','female',55),(5684314921,'Garcia','Rebecca','79 Park Avenue, London, R9H3 5Z, England','2019-02-22','other',74),(5691480991,'Mathews','Jennifer','301 High Street, London, F3A1 4D, England','1975-06-16','female',36),(5693928888,'Martin','Debra','310 Baker Street, Manchester, W3F2 5B, England','2022-04-11','female',53),(5698618612,'Armstrong','Matthew','488 Park Avenue, Liverpool, L9I3 9K, England','1961-11-19','male',73),(5737334683,'Pennington','Emily','240 Victoria Road, Birmingham, M2U6 5V, England','2015-01-29','female',47),(5745586731,'White','Tracy','22 Victoria Road, London, G1A8 9I, England','1966-04-23','female',97),(5775304276,'Garcia','Adam','409 Baker Street, Birmingham, M9L8 1Q, England','1933-05-05','female',18),(5782237508,'Brown','Wesley','231 Park Avenue, Birmingham, S9G5 2B, England','2016-02-10','female',7),(5800953809,'Shaw','Christopher','37 High Street, London, R9M5 3W, England','2001-01-08','female',17),(5811874138,'Shelton','Kathryn','492 Park Avenue, Leeds, W5Q6 6H, England','2011-12-07','female',72),(5817739406,'Bass','Sherri','76 Park Avenue, Birmingham, A5U2 6Q, England','1979-05-18','female',40),(5841116468,'Myers','Angela','488 Baker Street, Liverpool, D4S8 7C, England','1970-07-10','female',24),(5841181916,'Lopez','Shane','274 Victoria Road, London, J2B3 6K, England','1977-11-16','male',35),(5849735738,'Mathews','David','453 High Street, Leeds, S6J5 2J, England','1962-07-28','other',19),(5855762754,'Williams','James','248 Park Avenue, Liverpool, D6U5 3Q, England','1965-12-04','male',77),(5864010651,'Whitney','Belinda','282 Victoria Road, Manchester, F6A3 2B, England','1991-05-04','male',65),(5920186348,'Flowers','Leah','416 Victoria Road, Liverpool, F2A1 9Z, England','1940-10-19','other',75),(5921984634,'Dalton','Stephanie','303 Baker Street, Leeds, C4B6 8K, England','1932-07-18','other',45),(5929233094,'Hart','Todd','190 Park Avenue, Liverpool, E9F1 5U, England','1942-05-20','female',94),(5960926699,'Lawrence','Cody','494 High Street, Birmingham, Z7Y5 7S, England','1982-02-08','male',45),(5964504024,'Gardner','Timothy','366 Station Road, Leeds, R9K6 8C, England','1945-09-28','male',4),(5979876267,'Lawson','Greg','375 High Street, Liverpool, F8C7 9H, England','1989-09-18','female',46),(5994948925,'Solomon','Michael','375 Station Road, Liverpool, X1F3 9K, England','1973-01-07','other',18),(6014341758,'Reed','Kevin','342 Victoria Road, Leeds, B3N3 7K, England','2000-04-18','other',25),(6059937794,'Miles','Jonathan','443 Station Road, Manchester, B5M2 8W, England','1957-12-22','other',11),(6104124102,'Monroe','Austin','392 Baker Street, Birmingham, N1E8 3M, England','1974-08-08','male',15),(6107651763,'Bowen','Shawn','155 Baker Street, Manchester, S1S6 8O, England','2015-04-18','female',20),(6111900443,'Massey','Mike','468 Baker Street, Birmingham, S8J3 3I, England','1944-08-16','male',93),(6118591516,'Phillips','Annette','197 Park Avenue, Manchester, G6D1 9I, England','2006-01-14','female',61),(6123154154,'Moore','Amanda','159 Victoria Road, London, L3M8 6T, England','1928-03-23','male',91),(6145174968,'Bailey','Tiffany','200 Victoria Road, Liverpool, S3R2 5T, England','1980-11-02','male',9),(6149672287,'Austin','Lisa','401 Baker Street, Leeds, K3C9 4C, England','1942-09-15','female',81),(6152917563,'King','Bryan','113 Victoria Road, London, C7N9 5B, England','1976-08-03','female',42),(6159290617,'Ramsey','Logan','71 High Street, Manchester, G6V2 5N, England','2013-03-10','female',38),(6166660824,'Reyes','Joseph','107 Station Road, Birmingham, L4Z2 4M, England','1968-07-31','male',40),(6180520878,'Quinn','Kristin','421 Park Avenue, Leeds, A8T7 7Y, England','1939-09-15','female',68),(6199168561,'Perkins','Mark','199 Station Road, Leeds, H7N9 3L, England','2001-07-03','female',21),(6205504120,'Miller','Jared','484 Victoria Road, London, V3T5 3T, England','1989-01-27','male',34),(6238127006,'Evans','Kelly','304 High Street, Birmingham, L2R8 4Q, England','1927-07-20','other',62),(6240200379,'Lutz','Jonathan','376 Baker Street, Manchester, M7L1 8H, England','1978-06-20','male',44),(6283152812,'Mccarthy','James','263 High Street, Leeds, A4V7 7E, England','1939-10-17','other',93),(6308951260,'Cummings','Mary','469 High Street, London, C6G8 1P, England','1929-09-24','other',13),(6320544868,'Jones','Michael','203 Park Avenue, London, V6C8 4U, England','1987-09-13','male',82),(6320919108,'Johnson','Kristen','457 Victoria Road, Liverpool, U9Q3 8D, England','2004-12-28','other',66),(6349678009,'Chen','Rachel','469 Station Road, Liverpool, L1G6 3D, England','1925-11-19','male',91),(6379346836,'Parsons','John','423 Station Road, London, W9V2 4W, England','1957-07-05','male',20),(6390498161,'Simon','Amber','368 Station Road, Liverpool, F9O6 5A, England','1985-07-11','female',53),(6400034890,'Adkins','Juan','419 Park Avenue, Liverpool, K9H8 2N, England','1934-05-16','other',77),(6441643590,'Porter','Meghan','425 Victoria Road, Manchester, P7Z7 6Y, England','2024-11-15','other',42),(6450968950,'Gordon','Ashley','468 Baker Street, Leeds, Q6P1 2G, England','1948-03-19','male',8),(6455779737,'Daniel','Michael','199 Park Avenue, Liverpool, M1I7 1H, England','2018-06-11','female',97),(6472589890,'Spence','Todd','79 Station Road, Liverpool, S9B7 6X, England','1950-01-15','other',93),(6485426122,'Parrish','Scott','26 Baker Street, Birmingham, G4V3 8P, England','1928-11-09','other',99),(6498628815,'Johnson','Ethan','491 High Street, Liverpool, T6A8 3O, England','1997-11-20','male',74),(6518929210,'Middleton','Ashley','88 Station Road, Leeds, Y7U5 8H, England','1943-12-02','other',91),(6531652723,'Barker','Michelle','466 Victoria Road, Manchester, X1D7 6V, England','1948-05-16','other',62),(6570393913,'Johnson','Emily','460 Park Avenue, London, S3T1 8H, England','1926-09-15','male',44),(6628136518,'Burke','Carol','223 Baker Street, Manchester, O8M4 9I, England','2008-12-20','male',93),(6640993473,'Cordova','Linda','468 High Street, Manchester, S4L4 9Q, England','1943-04-13','other',41),(6681256439,'Mitchell','Jessica','292 Park Avenue, Manchester, S6Y5 2E, England','1987-06-15','female',68),(6681669757,'Williams','Susan','441 Park Avenue, Birmingham, J6Y2 3V, England','2022-09-23','other',63),(6695637299,'Moss','Brittney','193 Station Road, London, M4V1 6D, England','2016-09-04','female',37),(6702658741,'Shaw','Gregory','256 Park Avenue, Birmingham, C4F7 3R, England','1947-06-12','other',58),(6711612968,'Hoffman','William','343 Park Avenue, Leeds, V2N3 2Y, England','1929-11-27','other',4),(6733765194,'Horne','William','39 Park Avenue, Liverpool, V4U6 8P, England','1936-08-21','female',93),(6770683643,'Reed','Sandra','145 Station Road, Liverpool, K3W9 6Y, England','1940-10-10','male',85),(6781300242,'Estrada','Michael','8 Park Avenue, Manchester, J8Q5 2P, England','1959-08-06','female',57),(6781544196,'Huffman','Melanie','320 High Street, London, G5X6 8Y, England','1960-01-14','other',55),(6784750365,'Todd','Lorraine','350 Victoria Road, Leeds, K3V6 3G, England','1928-02-02','other',47),(6798527463,'Reyes','Karen','250 High Street, Leeds, T9E5 2A, England','1963-08-10','male',95),(6812009627,'Fernandez','Richard','132 Park Avenue, Leeds, W8Y2 7R, England','2023-03-06','other',24),(6823913749,'Chen','Bradley','446 Victoria Road, Leeds, M5O3 1B, England','1957-06-05','female',63),(6841548083,'Nelson','Nicole','173 Victoria Road, Leeds, J9X5 5W, England','2012-10-27','female',51),(6846543879,'Butler','Kenneth','114 Baker Street, London, H6R6 9L, England','2018-10-30','other',83),(6856460478,'Harris','Nicholas','244 Station Road, Manchester, D5W9 9U, England','1960-05-26','other',2),(6867144474,'Acosta','Elizabeth','390 High Street, Manchester, D1T4 4G, England','2020-04-18','female',28),(6872229043,'Webb','Karen','116 Park Avenue, Manchester, X7X5 2A, England','1975-12-15','male',50),(6875763291,'Smith','James','18 Baker Street, Manchester, V4P4 3B, England','1936-12-14','female',29),(6908404377,'Alvarez','Robert','149 Victoria Road, Manchester, L6Z3 7Q, England','2014-11-16','female',76),(6925814799,'Jones','Kevin','366 Baker Street, London, Y7Q8 5U, England','1930-03-11','other',91),(6932305732,'Dixon','Angela','238 Park Avenue, Leeds, T2Q1 9P, England','1954-08-21','female',38),(6933907239,'Martinez','Jerry','358 Victoria Road, Liverpool, J2B7 9I, England','1982-06-21','other',15),(6935981137,'Stephens','Michael','182 Victoria Road, Leeds, F7B2 5G, England','2021-07-22','male',95),(6942374949,'Nash','Cody','72 Park Avenue, Leeds, I3S7 7N, England','1951-01-15','female',92),(6944459151,'Martin','Richard','420 Station Road, Birmingham, F4X4 6J, England','1943-02-04','male',79),(6950082197,'Smith','Jason','55 Station Road, Liverpool, B5E9 8A, England','1931-01-10','male',85),(6950863169,'Neal','Lauren','250 Park Avenue, Liverpool, N4Q2 8E, England','1944-08-25','male',96),(6980717717,'Jackson','Kimberly','212 Baker Street, Manchester, M3M1 1V, England','2016-08-06','male',60),(6984556247,'Moody','Kevin','431 Station Road, Liverpool, O2L8 6J, England','2008-05-04','other',78),(6988436820,'Fowler','Ryan','19 Station Road, Birmingham, E1O4 2D, England','1989-07-11','other',9),(7004777390,'Kelly','Emily','55 Park Avenue, Manchester, X7Y7 6Z, England','2019-03-04','other',61),(7017356097,'Roberts','Amy','439 Station Road, Liverpool, E4P6 4H, England','1969-01-28','other',79),(7019450328,'Taylor','Jeremy','120 Station Road, London, V4G6 8G, England','1928-02-08','female',12),(7062160184,'Williams','Victor','248 Station Road, Manchester, W2Q8 2L, England','1939-09-06','other',79),(7065592866,'Murray','Beth','398 High Street, Birmingham, N8A5 5P, England','1999-02-12','male',67),(7095962105,'Hudson','Peter','373 Park Avenue, London, X6M9 3Y, England','1956-03-28','other',5),(7102542558,'Porter','Katherine','351 Park Avenue, Manchester, G2N1 6N, England','1957-02-02','other',37),(7103645232,'Schneider','Jaclyn','401 High Street, Liverpool, U8D1 7P, England','2012-11-22','other',95),(7145715439,'Hansen','Jasmine','480 Victoria Road, London, D4Y3 9K, England','1989-07-10','male',37),(7192165552,'Hardin','Michelle','467 Station Road, Manchester, E1H3 1E, England','1935-10-24','other',55),(7222369850,'Spence','Tasha','374 Victoria Road, Birmingham, M2O8 9I, England','1928-08-05','other',11),(7235395789,'White','Cory','493 Baker Street, Leeds, M3J9 2R, England','1977-02-04','female',26),(7237502945,'Alexander','Michael','371 Victoria Road, Liverpool, S9T9 5G, England','1957-04-02','female',15),(7237693025,'Salazar','Sharon','370 Park Avenue, Liverpool, G5P3 3R, England','1930-09-02','other',1),(7277505084,'Russell','David','335 Park Avenue, London, R9U7 3T, England','1989-11-13','other',72),(7296338951,'Paul','Jerry','432 High Street, Manchester, L9U6 6J, England','1942-03-06','female',67),(7322491228,'Levine','Terri','110 Baker Street, Liverpool, U8G9 1V, England','1984-05-15','female',22),(7385525281,'Graves','Cheryl','259 Station Road, Liverpool, Q4A1 4C, England','1935-08-14','other',12),(7405890455,'Johnson','Michael','425 Station Road, Leeds, V2E9 6Z, England','2009-10-09','male',98),(7435591594,'Reilly','Robert','205 Park Avenue, Birmingham, G8C3 3X, England','1928-06-14','male',100),(7453398120,'Rojas','Paige','54 Victoria Road, Birmingham, V4M6 8J, England','1991-11-24','other',55),(7480237228,'Davis','Angela','107 Park Avenue, Birmingham, M2R7 2G, England','1930-04-08','female',69),(7517685806,'Campbell','Blake','460 High Street, Birmingham, H4Y3 1X, England','1972-08-09','male',76),(7520212174,'Griffin','Brenda','399 Victoria Road, Manchester, Y7P3 5T, England','2012-04-05','female',78),(7571843396,'Harrison','Matthew','128 Baker Street, London, C6W1 6G, England','2004-11-12','male',15),(7572272842,'Smith','Matthew','283 Victoria Road, Liverpool, P5U7 5I, England','1960-06-27','male',56),(7573739431,'Riley','Chelsey','165 Station Road, Birmingham, C8E2 8H, England','2012-09-08','male',51),(7579317895,'Wagner','Melanie','490 Station Road, Birmingham, P8H5 5I, England','1972-08-04','other',88),(7602053048,'Vargas','Joshua','332 Park Avenue, Liverpool, D8G2 7B, England','1934-03-19','female',5),(7603203153,'Moody','Andrew','416 Station Road, Leeds, M9O4 4G, England','2003-04-19','male',90),(7609122446,'Cervantes','Lisa','88 Baker Street, Birmingham, Y1P7 1U, England','1992-03-26','male',53),(7617817396,'Mccullough','Kenneth','315 Baker Street, Liverpool, B6G1 7I, England','1992-10-30','male',44),(7620793884,'Gross','Stephanie','317 Station Road, Manchester, T2J2 1K, England','1981-11-22','female',79),(7625563786,'Salazar','Christopher','333 Park Avenue, Birmingham, H4M2 1X, England','1972-08-02','female',11),(7628319970,'Frazier','Brandon','477 Baker Street, London, W5I7 4S, England','1967-09-28','male',42),(7637228637,'Smith','Brittney','158 Station Road, Manchester, Y8Z6 9S, England','2013-05-11','other',77),(7647293154,'Rhodes','James','160 Victoria Road, Leeds, H7Y1 9E, England','2000-07-02','other',43),(7649884752,'Goodwin','Joshua','424 Park Avenue, Liverpool, L1E7 2S, England','1951-05-01','other',64),(7652606173,'Cook','Mark','399 Park Avenue, London, C2O8 1P, England','1928-04-19','female',69),(7662990921,'Frazier','Jerry','331 High Street, Birmingham, Z4R1 7I, England','2005-12-12','other',20),(7675255065,'Rodriguez','Kevin','351 High Street, Liverpool, J2E1 4F, England','1945-07-15','male',24),(7695042500,'Bell','Mikayla','98 Park Avenue, London, L8D2 8F, England','1983-06-03','other',74),(7716587302,'Nunez','Stephanie','468 Baker Street, London, I7D6 9C, England','1990-10-11','other',1),(7809782318,'Stein','Krista','165 High Street, London, U4M5 2C, England','2008-06-03','other',93),(7815766217,'Miller','Victoria','153 Victoria Road, Manchester, D6R1 2C, England','1960-11-02','female',12),(7824028019,'Carrillo','Frank','220 Victoria Road, London, B9I8 1L, England','2007-03-19','other',23),(7835133873,'Williams','David','77 Park Avenue, Leeds, M5B4 2Q, England','1994-07-15','female',13),(7839234836,'White','Evelyn','220 Park Avenue, Leeds, Z2A8 2N, England','1966-08-16','other',29),(7862337334,'Oliver','Christopher','345 Baker Street, Birmingham, U9N8 8E, England','1970-01-02','female',85),(7871881598,'Haynes','Ryan','363 Victoria Road, Manchester, A9P4 6Q, England','1982-12-12','female',10),(7915754979,'Matthews','Mark','279 Park Avenue, Manchester, Z2H3 9X, England','1931-02-22','female',28),(7948989521,'Williams','Angela','41 Park Avenue, Leeds, A2P2 3T, England','1958-01-12','other',62),(7960787749,'Sanchez','Mary','165 Victoria Road, Birmingham, D6L6 1Z, England','2000-03-12','female',49),(7975756901,'Brown','Andrea','346 Victoria Road, Birmingham, L8N8 2R, England','1934-05-10','other',96),(7983596568,'Ross','John','260 Park Avenue, Birmingham, P8U9 2Y, England','1925-11-05','male',18),(8011073204,'Bishop','Victoria','131 Baker Street, Manchester, E5A9 5S, England','1971-01-01','other',78),(8035643246,'Miller','Cody','339 High Street, London, L6R8 6I, England','2019-07-21','female',10),(8082739038,'Taylor','Heather','407 Victoria Road, Birmingham, W8R2 4I, England','1990-03-16','female',100),(8101534147,'Herrera','Natalie','306 Victoria Road, Birmingham, G6S8 8V, England','2015-10-05','male',65),(8114277090,'Ortiz','Stephanie','102 Baker Street, Liverpool, E8Q5 9G, England','1986-02-28','female',65),(8117782244,'Woods','Belinda','233 Victoria Road, Manchester, J5N2 9R, England','1948-11-22','male',75),(8118651788,'Collins','Michael','340 Park Avenue, London, L6V9 6E, England','1950-05-23','female',85),(8142589851,'Wright','Jessica','12 Station Road, Liverpool, A4P3 6T, England','1976-02-02','other',21),(8213155961,'Medina','Sarah','489 Victoria Road, Leeds, U4L7 9U, England','1996-04-06','female',73),(8222354209,'Moreno','Alexander','48 Station Road, Liverpool, W8L8 6W, England','1929-11-08','male',42),(8236809054,'Brandt','Darryl','58 Victoria Road, London, R4U3 3V, England','2016-03-02','male',92),(8239519167,'Williams','Jason','450 Victoria Road, Leeds, D1D5 8R, England','1940-03-19','female',48),(8251016843,'Ramos','Anthony','20 Station Road, Leeds, P3R3 4E, England','1984-02-16','male',19),(8251949406,'Miller','Michael','118 Baker Street, Leeds, E9M9 7I, England','2021-10-28','female',95),(8282995550,'Moreno','Beth','206 Station Road, Leeds, O9R2 2M, England','2011-10-16','male',15),(8284670854,'Terrell','David','401 Park Avenue, Birmingham, P9N6 4G, England','1972-11-25','female',38),(8286817963,'Sharp','Raymond','319 Baker Street, Liverpool, K8T8 2K, England','2006-04-08','male',49),(8289172851,'Brown','Kristin','253 Park Avenue, Liverpool, K6C7 8J, England','1956-10-07','female',76),(8310896663,'Williams','Susan','230 Park Avenue, London, L3K1 7O, England','1966-05-19','female',92),(8321068554,'Lambert','Yesenia','218 Park Avenue, Birmingham, T9E2 2S, England','2013-09-26','other',58),(8360859733,'French','Sonia','205 Victoria Road, Liverpool, G3M3 2G, England','1985-08-20','male',42),(8370964131,'Murray','Alejandra','487 Station Road, Liverpool, Y2Z5 5W, England','2008-11-24','female',10),(8375929346,'Benson','Spencer','56 Station Road, Leeds, F5A4 9I, England','1955-09-06','female',12),(8377505700,'Meadows','Anthony','88 High Street, Leeds, C4Z5 9J, England','1924-06-14','female',94),(8399795638,'Martinez','Summer','365 Station Road, Liverpool, E1H1 4N, England','1999-06-15','female',79),(8405435643,'Hale','Jeremy','84 Baker Street, Manchester, X2V7 7G, England','1939-06-02','female',20),(8412041882,'Miller','Andrew','196 Park Avenue, Liverpool, V2B9 3Q, England','1937-06-17','male',95),(8425271795,'Davila','Kimberly','359 Park Avenue, London, Q4P6 7C, England','1993-10-02','other',9),(8426777939,'Martin','Elizabeth','39 Victoria Road, Liverpool, Y4N2 8A, England','1985-12-26','other',19),(8457254734,'Rodriguez','Robert','456 Park Avenue, Liverpool, T6C8 3A, England','1988-08-24','other',52),(8491976021,'Willis','Jorge','282 Station Road, Manchester, J1L3 3J, England','1945-04-15','male',100),(8495595242,'Hale','Jason','466 Victoria Road, Manchester, K8A6 2B, England','1983-05-29','female',91),(8511939464,'King','John','295 High Street, London, N7S6 5E, England','1952-06-10','other',83),(8520279482,'Evans','Bruce','463 Victoria Road, Leeds, R9V2 9A, England','2021-12-18','female',90),(8525593426,'Gibson','Travis','292 Park Avenue, Manchester, S2Y1 8I, England','1967-06-13','male',46),(8531951868,'Cruz','Michael','13 Park Avenue, Liverpool, U7H2 3P, England','1992-03-03','other',70),(8539007099,'Riley','Willie','458 Station Road, Liverpool, M7A4 4B, England','2009-09-23','male',53),(8541615192,'Holland','Colin','388 Victoria Road, Manchester, H8V9 8Q, England','1934-07-24','male',62),(8558218363,'Knight','Alfred','257 Park Avenue, Manchester, R8C7 6D, England','1945-03-10','female',25),(8572986192,'Randolph','Kevin','240 Park Avenue, London, B7Z1 9D, England','2000-04-26','female',87),(8574027733,'White','Savannah','454 Station Road, Birmingham, T3F7 7J, England','1976-01-20','other',77),(8576233573,'Hernandez','Jennifer','82 Victoria Road, Birmingham, V9U9 3E, England','2000-11-11','male',49),(8587306965,'Williams','Sharon','163 Station Road, Manchester, S3G8 2P, England','1998-10-04','female',87),(8599286443,'Hughes','Jessica','224 High Street, Birmingham, I8D8 7L, England','2000-10-21','female',27),(8603904710,'Travis','Amy','149 Park Avenue, London, Q8W1 6U, England','2022-04-29','female',14),(8609806992,'Franklin','Candice','159 High Street, Manchester, D7O3 7H, England','1960-11-25','female',80),(8629996386,'Barrett','Blake','203 Park Avenue, London, D4J7 1I, England','2021-01-09','other',70),(8631672594,'Young','Dakota','272 Victoria Road, Manchester, Q2A2 3M, England','1952-01-03','male',79),(8635034646,'Wilson','Kenneth','252 Park Avenue, Leeds, J1D7 8J, England','2011-10-03','female',75),(8695995452,'Mendoza','Jenna','420 Park Avenue, Birmingham, Z9U2 5C, England','1962-05-11','other',28),(8708473514,'Moore','Renee','314 Victoria Road, Birmingham, T8B1 7J, England','1992-07-04','male',46),(8740827378,'Greene','Ruben','232 Baker Street, Birmingham, F9Y4 7B, England','1940-01-19','other',15),(8749714514,'Hill','Michael','446 High Street, Birmingham, U4R2 4E, England','1968-07-07','other',28),(8780731315,'Singh','Patrick','391 Baker Street, Liverpool, N6Z5 3H, England','1966-08-26','other',90),(8792218908,'Zavala','Dawn','467 Baker Street, London, A7A2 5X, England','2011-03-26','female',53),(8806550197,'Michael','Tyrone','263 High Street, London, A5Q7 6W, England','2015-10-16','other',26),(8807994515,'Lloyd','Karen','325 Park Avenue, Manchester, Q3O8 6G, England','2001-08-13','other',82),(8830826721,'Duncan','Christopher','79 Baker Street, Leeds, P5R4 6Q, England','2009-06-15','male',22),(8839284946,'Robinson','Amber','191 Baker Street, Manchester, N1V8 9I, England','1976-02-19','female',2),(8848822255,'Green','Alicia','132 High Street, Manchester, A1Z1 2P, England','1987-07-14','other',83),(8857014670,'Robinson','Kelsey','47 Victoria Road, Manchester, Q5O5 3Y, England','1943-09-01','male',34),(8872610580,'Jones','Peggy','333 High Street, London, D8I1 2T, England','1954-06-07','male',100),(8877970690,'Mcintosh','Paul','270 Park Avenue, Leeds, Y8S3 1K, England','1935-09-17','female',25),(8884899568,'Clark','Valerie','15 Station Road, Manchester, U5U9 8B, England','1971-04-07','female',99),(8886109156,'Schroeder','Eileen','183 Victoria Road, Liverpool, A7I1 5E, England','2019-04-11','female',1),(8903510470,'Yang','Edward','400 High Street, Birmingham, A9G3 3T, England','1936-06-11','other',13),(8904679660,'Deleon','Robert','236 Baker Street, Birmingham, R8P5 6K, England','2002-01-04','female',72),(8906877104,'Bell','Theresa','225 Park Avenue, Manchester, B5I4 9N, England','1935-01-21','female',14),(8957616841,'West','Barbara','10 Park Avenue, London, U9K7 2K, England','1949-03-14','other',79),(8970266189,'Thompson','Michael','304 Station Road, Birmingham, Y8F8 4W, England','1940-03-20','male',22),(8970303709,'Hunter','Steven','268 Park Avenue, London, L8U5 3Q, England','2024-09-05','female',6),(8973955708,'Forbes','Mark','462 Baker Street, Liverpool, G4W1 2J, England','2023-09-03','female',58),(8976172378,'Ortiz','Bradley','51 Park Avenue, Birmingham, I6J3 3E, England','1980-04-25','female',45),(8982384920,'Fischer','Deborah','224 Station Road, London, K4B1 5I, England','1948-04-20','male',81),(8993497339,'Perry','Cynthia','322 Park Avenue, Manchester, Y5P2 9F, England','1956-12-16','male',37),(9032334692,'Figueroa','Luis','217 Baker Street, Manchester, F7Q2 1C, England','1994-02-15','other',81),(9044487409,'Scott','Sonya','256 Baker Street, Leeds, S2S2 1S, England','1985-08-23','female',26),(9053027320,'Moore','Mary','170 Park Avenue, London, H4U5 2C, England','2022-06-25','female',85),(9066701787,'Wallace','Sean','213 High Street, Birmingham, D9V8 1X, England','1930-03-06','female',19),(9084226812,'King','Catherine','323 High Street, London, W8C9 8K, England','2014-07-24','male',58),(9091497457,'Williams','John','185 Station Road, London, S3Q6 4D, England','1996-11-24','female',16),(9098590828,'Parker','James','401 Baker Street, Liverpool, W7N7 9K, England','1931-07-13','male',58),(9108144771,'Harris','Tara','449 Park Avenue, Leeds, R1W7 8R, England','2008-11-30','female',1),(9154131262,'Stephenson','Danielle','310 High Street, Manchester, Y6N7 2Z, England','2006-03-17','female',85),(9165947059,'Brooks','Sonya','98 Baker Street, Liverpool, C2B8 3R, England','1962-03-04','male',42),(9166872412,'Espinoza','Amanda','109 Victoria Road, Manchester, Q9E1 8A, England','1966-06-09','male',96),(9171748488,'Mcintosh','Nicholas','208 Station Road, Manchester, V8O3 7B, England','1946-06-03','other',47),(9177477882,'Gaines','Julia','21 Station Road, Liverpool, Z4Z5 4P, England','1927-08-16','female',89),(9211288960,'Davidson','Kyle','500 High Street, Leeds, T9E6 5A, England','2023-01-23','female',91),(9217987760,'Brooks','Stephanie','445 Station Road, London, S1N7 4Q, England','1984-03-19','other',26),(9229948897,'Jimenez','Jennifer','177 Baker Street, Birmingham, S4D9 8W, England','1948-12-19','other',33),(9251253426,'Montgomery','Michael','455 Park Avenue, Birmingham, M6J2 1S, England','1933-10-26','female',11),(9254579415,'Lane','Austin','305 Station Road, Birmingham, F7D9 9I, England','1958-10-03','other',59),(9268090113,'Underwood','Zachary','138 High Street, Birmingham, H3K2 8R, England','1966-01-11','male',24),(9280950796,'Avery','Vanessa','83 Station Road, Leeds, O8O2 8U, England','2017-02-26','male',61),(9283701165,'Williams','Henry','435 Park Avenue, London, Y4C8 7P, England','1987-04-07','other',79),(9287181749,'Mata','Darin','442 High Street, Manchester, E8P2 7E, England','1986-02-26','male',67),(9297887442,'Schneider','Emily','129 Victoria Road, Leeds, D1D3 9D, England','2006-01-14','female',75),(9328532896,'Park','Lisa','371 Station Road, Manchester, B1X4 6Y, England','1940-02-28','female',5),(9329131354,'Torres','Brittany','125 Baker Street, Leeds, Y5J3 7K, England','1983-07-27','male',29),(9332926088,'Collins','Melinda','131 High Street, Manchester, H1D1 7Z, England','2012-10-03','other',3),(9339301188,'Crawford','Sheri','218 Station Road, Leeds, D4T1 8E, England','1939-07-25','other',26),(9344841809,'Villarreal','Patricia','352 Victoria Road, London, Y2Z6 1G, England','2022-04-30','male',73),(9345743440,'Flores','Cheyenne','360 Victoria Road, Birmingham, E2V5 5Z, England','1936-10-13','female',70),(9346987109,'Thompson','Amy','402 Station Road, Manchester, B9L7 2C, England','1985-08-19','male',93),(9365842390,'Huber','Patrick','312 Victoria Road, Manchester, L4U4 3P, England','1981-01-10','female',15),(9372501538,'Price','Robin','336 High Street, Liverpool, A5P9 1I, England','2024-10-28','other',41),(9372939169,'Williams','Stacy','264 Park Avenue, Manchester, M8I5 8C, England','1949-07-18','male',46),(9402551995,'Jones','Kimberly','180 High Street, Liverpool, W1B9 2M, England','1991-04-16','female',87),(9403057460,'Kennedy','Stephen','415 Park Avenue, Liverpool, X6H6 1J, England','2020-05-22','female',41),(9420369543,'Mack','Steven','290 High Street, Liverpool, G2O1 4Y, England','1957-11-04','other',6),(9427922946,'Gardner','Linda','434 Victoria Road, Manchester, H8W4 3I, England','2016-08-29','female',6),(9430086431,'Murphy','Rebecca','259 Baker Street, Liverpool, Z7J2 2Q, England','2012-08-20','other',21),(9430218711,'Carr','Christopher','413 Park Avenue, London, S2V3 9T, England','1966-03-26','other',83),(9434822954,'Martin','Michael','425 High Street, Birmingham, Y3K5 8X, England','1957-08-02','male',7),(9457927119,'Novak','Amanda','425 Victoria Road, Birmingham, C1Y4 1G, England','1926-07-15','other',93),(9505191105,'Villa','Brenda','33 Baker Street, London, J4E3 4Y, England','2003-03-02','female',12),(9527654642,'Walker','John','420 High Street, Leeds, K2D6 3I, England','1926-11-17','other',67),(9541434093,'Fletcher','Kathryn','308 Victoria Road, Leeds, C8X9 1E, England','2018-05-10','male',25),(9549303743,'Williams','Katherine','62 High Street, Birmingham, Y1O7 8C, England','2008-10-19','female',51),(9574427689,'Morgan','Maria','424 Victoria Road, London, K6E8 4J, England','1928-05-31','male',50),(9595721555,'Hall','Susan','399 Baker Street, Manchester, H1W1 7I, England','1933-01-02','male',43),(9614845577,'Lara','Vanessa','104 Park Avenue, Manchester, X4A4 5H, England','1972-07-03','other',22),(9635990241,'Cameron','Charles','172 Baker Street, Leeds, F6H5 7H, England','2014-07-30','other',82),(9663078903,'Dalton','Lisa','89 Station Road, London, I3B6 4I, England','2006-12-05','other',95),(9668921321,'Frost','Brittany','386 Park Avenue, London, G6N9 4F, England','1957-09-10','other',30),(9669565327,'Weaver','Laura','180 Victoria Road, Leeds, U3Q3 6Y, England','1934-07-29','other',80),(9683283092,'West','Tina','126 Baker Street, Manchester, H6U5 4A, England','2001-07-24','male',65),(9696517401,'Barrera','William','426 Station Road, Liverpool, G4R4 2C, England','1954-12-24','male',88),(9741899748,'Armstrong','Brooke','212 Victoria Road, Manchester, N5Y1 9O, England','1960-07-10','male',93),(9743766580,'Jones','Cole','159 High Street, Leeds, U4L5 9L, England','1972-05-27','female',98),(9768771962,'Wilson','Kathleen','341 Victoria Road, Leeds, E6T5 9N, England','1939-03-05','other',46),(9777727839,'Hogan','Ann','161 Station Road, Leeds, F5T1 7G, England','1991-06-14','male',99),(9785942308,'Thomas','Christopher','271 Victoria Road, Birmingham, K8K1 9A, England','2015-03-03','other',68),(9808379634,'Willis','Cody','28 Station Road, Birmingham, N1I7 7T, England','1937-03-07','male',49),(9812775288,'Smith','Amy','183 High Street, Leeds, Y4Y8 8J, England','1926-04-21','male',84),(9814608232,'Baldwin','Michelle','492 Station Road, London, W8J1 5X, England','1949-05-05','female',89),(9850294370,'Fuller','Elizabeth','397 Victoria Road, Manchester, U7V6 2H, England','1987-10-16','male',6),(9863426325,'Thompson','Matthew','421 Station Road, Liverpool, I3T6 1H, England','1927-08-12','male',73),(9871716006,'Chavez','Terri','312 Park Avenue, Manchester, V3D4 7J, England','2005-05-04','other',79),(9882942273,'Warner','Tyrone','72 Victoria Road, Manchester, I6D9 8E, England','1973-09-25','other',70),(9889622636,'Smith','Susan','378 Baker Street, Leeds, Y8U1 9P, England','1964-05-22','other',25),(9903417028,'Duncan','Jennifer','156 Victoria Road, London, Y6A3 2D, England','1971-02-22','male',14),(9932673391,'Bass','Andres','432 Park Avenue, Birmingham, J7P4 1R, England','2014-10-16','other',19),(9945923427,'Smith','Todd','486 High Street, London, K8G3 5O, England','1983-11-21','other',42),(9952950734,'Cole','Sharon','365 Park Avenue, Birmingham, C3E8 9K, England','1934-01-11','male',51),(9977122206,'Robinson','Matthew','87 High Street, Liverpool, O2B8 4I, England','2008-12-10','female',62),(9990301899,'Sandoval','Steven','343 Park Avenue, Liverpool, N1E3 7U, England','2001-02-04','female',93),(9994837717,'Olsen','Brittany','184 Station Road, Liverpool, K4I2 5W, England','1983-03-07','male',28);
/*!40000 ALTER TABLE `Patients` ENABLE KEYS */;
UNLOCK TABLES;

--
-- Table structure for table `appointments`
--

DROP TABLE IF EXISTS `appointments`;
/*!40101 SET @saved_cs_client     = @@character_set_client */;
/*!50503 SET character_set_client = utf8mb4 */;
CREATE TABLE `appointments` (
  `appointment_id` int NOT NULL AUTO_INCREMENT,
  `hospital_name` varchar(255) NOT NULL,
  `nhs_number` bigint NOT NULL,
  `doctor_id` int DEFAULT NULL,
  `appointment_date` datetime NOT NULL,
  PRIMARY KEY (`appointment_id`),
  KEY `hospital_name` (`hospital_name`),
  KEY `nhs_number` (`nhs_number`),
  KEY `doctor_id` (`doctor_id`),
  CONSTRAINT `appointments_ibfk_1` FOREIGN KEY (`hospital_name`) REFERENCES `hospitals` (`hospital_name`),
  CONSTRAINT `appointments_ibfk_2` FOREIGN KEY (`nhs_number`) REFERENCES `Patients` (`nhs_number`),
  CONSTRAINT `appointments_ibfk_3` FOREIGN KEY (`doctor_id`) REFERENCES `doctors` (`doctor_id`)
) ENGINE=InnoDB AUTO_INCREMENT=40501 DEFAULT CHARSET=utf8mb4 COLLATE=utf8mb4_0900_ai_ci;
/*!40101 SET character_set_client = @saved_cs_client */;

--
-- Dumping data for table `appointments`
--

LOCK TABLES `appointments` WRITE;
/*!40000 ALTER TABLE `appointments` DISABLE KEYS */;
INSERT INTO `appointments` VALUES (40001,'Royal London Hospital',7839234836,1,'2025-07-03 15:00:21'),(40002,'Manchester Royal Infirmary',6781300242,2,'2025-11-02 15:00:21'),(40003,'St. Thomas\' Hospital',4985392519,3,'2025-10-06 15:00:21'),(40004,'Birmingham City Hospital',6628136518,4,'2025-09-06 15:00:21'),(40005,'Addenbrooke\'s Hospital',2405278433,5,'2025-02-18 15:00:21'),(40006,'Great Ormond Street Hospital',3465904517,6,'2025-01-14 15:00:21'),(40007,'University Hospital Southampton',5811874138,7,'2025-07-25 15:00:21'),(40008,'Royal Victoria Infirmary',5645230630,8,'2025-09-22 15:00:21'),(40009,'Queen Elizabeth Hospital',2754926004,9,'2025-07-17 15:00:21'),(40010,'Norfolk and Norwich Hospital',9527654642,10,'2025-01-20 15:00:21'),(40011,'Leeds General Infirmary',9505191105,11,'2025-11-30 15:00:21'),(40012,'Guy\'s Hospital',4211105460,12,'2025-01-23 15:00:21'),(40013,'Charing Cross Hospital',7435591594,13,'2025-11-13 15:00:21'),(40014,'John Radcliffe Hospital',8807994515,14,'2025-02-13 15:00:21'),(40015,'Kings College Hospital',5745586731,15,'2025-04-13 15:00:21'),(40016,'Hull Royal Infirmary',5085037806,16,'2025-05-09 15:00:21'),(40017,'Bristol Royal Infirmary',8541615192,17,'2025-07-15 15:00:21'),(40018,'Western General Hospital',8289172851,18,'2025-08-10 15:00:21'),(40019,'Ninewells Hospital',9871716006,19,'2025-10-07 15:00:21'),(40020,'Queen\'s Medical Centre',5681434377,20,'2025-01-24 15:00:21'),(40021,'Royal Free Hospital',6400034890,21,'2025-07-23 15:00:21'),(40022,'Freeman Hospital',9420369543,22,'2025-11-17 15:00:21'),(40023,'Glasgow Royal Infirmary',3920053289,23,'2025-11-27 15:00:21'),(40024,'Royal Sussex County Hospital',4417012135,24,'2025-03-22 15:00:21'),(40025,'St. George\'s Hospital',7620793884,25,'2025-04-07 15:00:21'),(40026,'Wythenshawe Hospital',6320919108,26,'2025-09-04 15:00:21'),(40027,'Morriston Hospital',5782237508,27,'2025-01-20 15:00:21'),(40028,'Derriford Hospital',8877970690,28,'2025-04-09 15:00:21'),(40029,'Royal Blackburn Hospital',1910099330,29,'2025-03-03 15:00:21'),(40030,'Stoke Mandeville Hospital',1398908798,30,'2025-04-06 15:00:21'),(40031,'James Cook University Hospital',1966742098,31,'2025-12-24 15:00:21'),(40032,'Aberdeen Royal Infirmary',3514695716,32,'2025-02-09 15:00:21'),(40033,'Queen Elizabeth University Hosp',1753525437,33,'2025-08-10 15:00:21'),(40034,'York Hospital',1709355320,34,'2025-05-21 15:00:21'),(40035,'Royal Derby Hospital',3550276049,35,'2025-06-19 15:00:21'),(40036,'Milton Keynes University Hosp',5518352966,36,'2025-10-23 15:00:21'),(40037,'Southmead Hospital',1059121755,37,'2025-10-07 15:00:21'),(40038,'Princess Royal Hospital',2596390229,38,'2025-06-07 15:00:21'),(40039,'Royal London Hospital',5561239831,39,'2025-07-17 15:00:21'),(40040,'Manchester Royal Infirmary',4018242828,40,'2025-03-20 15:00:21'),(40041,'St. Thomas\' Hospital',9889622636,41,'2025-10-02 15:00:21'),(40042,'Birmingham City Hospital',8222354209,42,'2025-03-29 15:00:21'),(40043,'Addenbrooke\'s Hospital',3692017460,43,'2025-08-17 15:00:21'),(40044,'Great Ormond Street Hospital',8377505700,44,'2026-01-10 15:00:21'),(40045,'University Hospital Southampton',6980717717,45,'2025-07-21 15:00:21'),(40046,'Royal Victoria Infirmary',3661044532,46,'2025-01-24 15:00:21'),(40047,'Queen Elizabeth Hospital',5240425028,47,'2026-01-02 15:00:21'),(40048,'Norfolk and Norwich Hospital',4589566458,48,'2025-01-24 15:00:21'),(40049,'Leeds General Infirmary',1188288290,49,'2025-02-14 15:00:21'),(40050,'Guy\'s Hospital',1566214037,50,'2025-01-24 15:00:21'),(40051,'Charing Cross Hospital',1925841771,51,'2025-02-03 15:00:21'),(40052,'John Radcliffe Hospital',6846543879,52,'2025-06-26 15:00:21'),(40053,'Kings College Hospital',4852588802,53,'2025-01-13 15:00:21'),(40054,'Hull Royal Infirmary',4741115164,54,'2025-11-03 15:00:21'),(40055,'Bristol Royal Infirmary',3700305921,55,'2025-03-11 15:00:21'),(40056,'Western General Hospital',5964504024,56,'2025-01-29 15:00:21'),(40057,'Ninewells Hospital',4638907728,57,'2025-10-27 15:00:21'),(40058,'Queen\'s Medical Centre',4834867340,58,'2025-08-02 15:00:21'),(40059,'Royal Free Hospital',7824028019,59,'2025-10-02 15:00:21'),(40060,'Freeman Hospital',9372939169,60,'2025-03-06 15:00:21'),(40061,'Glasgow Royal Infirmary',9614845577,61,'2025-03-24 15:00:21'),(40062,'Royal Sussex County Hospital',5684314921,62,'2025-08-22 15:00:21'),(40063,'St. George\'s Hospital',4545631206,63,'2025-04-26 15:00:21'),(40064,'Wythenshawe Hospital',5187023287,64,'2025-11-12 15:00:21'),(40065,'Morriston Hospital',9346987109,65,'2025-06-15 15:00:21'),(40066,'Derriford Hospital',6695637299,66,'2025-08-18 15:00:21'),(40067,'Royal Blackburn Hospital',1683877054,67,'2025-09-20 15:00:21'),(40068,'Stoke Mandeville Hospital',1043672092,68,'2025-09-05 15:00:21'),(40069,'James Cook University Hospital',1372620458,69,'2025-11-05 15:00:21'),(40070,'Aberdeen Royal Infirmary',6944459151,70,'2025-06-13 15:00:21'),(40071,'Queen Elizabeth University Hosp',6238127006,71,'2025-06-03 15:00:21'),(40072,'York Hospital',9365842390,72,'2025-06-18 15:00:21'),(40073,'Royal Derby Hospital',8525593426,73,'2025-06-03 15:00:21'),(40074,'Milton Keynes University Hosp',1744582863,74,'2025-12-21 15:00:21'),(40075,'Southmead Hospital',1408553209,75,'2025-12-19 15:00:21'),(40076,'Princess Royal Hospital',3067291478,76,'2025-02-03 15:00:21'),(40077,'Royal London Hospital',4629062256,77,'2025-04-02 15:00:21'),(40078,'Manchester Royal Infirmary',2098288135,78,'2025-01-22 15:00:21'),(40079,'St. Thomas\' Hospital',4299333092,79,'2025-03-11 15:00:21'),(40080,'Birmingham City Hospital',7296338951,80,'2025-10-25 15:00:21'),(40081,'Addenbrooke\'s Hospital',9549303743,81,'2025-03-26 15:00:21'),(40082,'Great Ormond Street Hospital',2249147400,82,'2025-08-13 15:00:21'),(40083,'University Hospital Southampton',6932305732,83,'2025-09-13 15:00:21'),(40084,'Royal Victoria Infirmary',4515862088,84,'2025-09-24 15:00:21'),(40085,'Queen Elizabeth Hospital',4028539201,85,'2025-07-28 15:00:21'),(40086,'Norfolk and Norwich Hospital',2918675506,86,'2025-07-25 15:00:21'),(40087,'Leeds General Infirmary',3431466075,87,'2025-05-20 15:00:21'),(40088,'Guy\'s Hospital',6320544868,88,'2025-01-31 15:00:21'),(40089,'Charing Cross Hospital',9339301188,89,'2025-10-15 15:00:21'),(40090,'John Radcliffe Hospital',7649884752,90,'2025-05-22 15:00:21'),(40091,'Kings College Hospital',2348469791,91,'2025-07-31 15:00:21'),(40092,'Hull Royal Infirmary',5619625894,92,'2025-07-22 15:00:21'),(40093,'Bristol Royal Infirmary',6472589890,93,'2025-05-12 15:00:21'),(40094,'Western General Hospital',6283152812,94,'2025-07-24 15:00:21'),(40095,'Ninewells Hospital',3651175436,95,'2025-12-13 15:00:21'),(40096,'Queen\'s Medical Centre',8872610580,96,'2025-05-07 15:00:21'),(40097,'Royal Free Hospital',9211288960,97,'2026-01-01 15:00:21'),(40098,'Freeman Hospital',9595721555,98,'2025-12-27 15:00:21'),(40099,'Glasgow Royal Infirmary',3797517764,99,'2025-03-14 15:00:21'),(40100,'Royal Sussex County Hospital',3656711033,100,'2025-05-15 15:00:21'),(40101,'St. George\'s Hospital',8511939464,1,'2025-07-24 15:00:21'),(40102,'Wythenshawe Hospital',5301395227,2,'2025-03-18 15:00:21'),(40103,'Morriston Hospital',7017356097,3,'2025-10-21 15:00:21'),(40104,'Derriford Hospital',3977246721,4,'2025-04-11 15:00:21'),(40105,'Royal Blackburn Hospital',8970303709,5,'2025-04-30 15:00:21'),(40106,'Stoke Mandeville Hospital',8399795638,6,'2025-03-05 15:00:21'),(40107,'James Cook University Hospital',5405125803,7,'2026-01-06 15:00:21'),(40108,'Aberdeen Royal Infirmary',2295705897,8,'2025-06-02 15:00:21'),(40109,'Queen Elizabeth University Hosp',2600706975,9,'2025-02-10 15:00:21'),(40110,'York Hospital',7385525281,10,'2025-07-08 15:00:21'),(40111,'Royal Derby Hospital',1953762321,11,'2025-06-05 15:00:21'),(40112,'Milton Keynes University Hosp',7277505084,12,'2025-12-25 15:00:21'),(40113,'Southmead Hospital',1182357078,13,'2025-07-18 15:00:21'),(40114,'Princess Royal Hospital',1576013632,14,'2025-10-30 15:00:21'),(40115,'Royal London Hospital',4983031724,15,'2025-08-22 15:00:21'),(40116,'Manchester Royal Infirmary',9743766580,16,'2025-07-19 15:00:21'),(40117,'St. Thomas\' Hospital',8539007099,17,'2025-05-15 15:00:21'),(40118,'Birmingham City Hospital',7453398120,18,'2025-03-13 15:00:21'),(40119,'Addenbrooke\'s Hospital',6180520878,19,'2025-05-16 15:00:21'),(40120,'Great Ormond Street Hospital',9945923427,20,'2025-07-30 15:00:21'),(40121,'University Hospital Southampton',8426777939,21,'2025-03-13 15:00:21'),(40122,'Royal Victoria Infirmary',1248667449,22,'2025-06-15 15:00:21'),(40123,'Queen Elizabeth Hospital',8457254734,23,'2025-03-27 15:00:21'),(40124,'Norfolk and Norwich Hospital',6856460478,24,'2025-08-06 15:00:21'),(40125,'Leeds General Infirmary',6933907239,25,'2025-09-09 15:00:21'),(40126,'Guy\'s Hospital',9903417028,26,'2025-12-18 15:00:21'),(40127,'Charing Cross Hospital',7862337334,27,'2025-10-18 15:00:21'),(40128,'John Radcliffe Hospital',2566080914,28,'2026-01-02 15:00:21'),(40129,'Kings College Hospital',5849735738,29,'2025-09-13 15:00:21'),(40130,'Hull Royal Infirmary',6570393913,30,'2025-08-04 15:00:21'),(40131,'Bristol Royal Infirmary',6950082197,31,'2025-05-17 15:00:21'),(40132,'Western General Hospital',9430218711,32,'2025-07-09 15:00:21'),(40133,'Ninewells Hospital',5920186348,33,'2025-12-21 15:00:21'),(40134,'Queen\'s Medical Centre',2715791402,34,'2025-12-19 15:00:21'),(40135,'Royal Free Hospital',4402710693,35,'2025-02-04 15:00:21'),(40136,'Freeman Hospital',4123114580,36,'2025-01-17 15:00:21'),(40137,'Glasgow Royal Infirmary',9977122206,37,'2025-01-14 15:00:21'),(40138,'Royal Sussex County Hospital',2707211125,38,'2025-11-25 15:00:21'),(40139,'St. George\'s Hospital',8375929346,39,'2025-03-08 15:00:21'),(40140,'Wythenshawe Hospital',8993497339,40,'2025-05-24 15:00:21'),(40141,'Morriston Hospital',8412041882,41,'2025-10-20 15:00:21'),(40142,'Derriford Hospital',9457927119,42,'2025-04-19 15:00:21'),(40143,'Royal Blackburn Hospital',9663078903,43,'2025-12-26 15:00:21'),(40144,'Stoke Mandeville Hospital',8035643246,44,'2025-10-14 15:00:21'),(40145,'James Cook University Hospital',9332926088,45,'2025-06-23 15:00:21'),(40146,'Aberdeen Royal Infirmary',8520279482,46,'2025-09-17 15:00:21'),(40147,'Queen Elizabeth University Hosp',1481358879,47,'2025-07-16 15:00:21'),(40148,'York Hospital',1736407918,48,'2025-02-28 15:00:21'),(40149,'Royal Derby Hospital',2184378629,49,'2025-09-22 15:00:21'),(40150,'Milton Keynes University Hosp',6450968950,50,'2025-02-12 15:00:21'),(40151,'Southmead Hospital',2345885056,51,'2025-04-16 15:00:21'),(40152,'Princess Royal Hospital',5053989070,52,'2025-07-24 15:00:21'),(40153,'Royal London Hospital',3930964198,53,'2025-04-22 15:00:21'),(40154,'Manchester Royal Infirmary',7625563786,54,'2025-06-02 15:00:21'),(40155,'St. Thomas\' Hospital',9741899748,55,'2025-06-29 15:00:21'),(40156,'Birmingham City Hospital',1371072812,56,'2025-09-11 15:00:21'),(40157,'Addenbrooke\'s Hospital',8973955708,57,'2025-02-17 15:00:21'),(40158,'Great Ormond Street Hospital',7960787749,58,'2025-08-29 15:00:21'),(40159,'University Hospital Southampton',8599286443,59,'2025-07-04 15:00:21'),(40160,'Royal Victoria Infirmary',3198444843,60,'2025-09-03 15:00:21'),(40161,'Queen Elizabeth Hospital',9229948897,61,'2025-03-25 15:00:21'),(40162,'Norfolk and Norwich Hospital',2971412801,62,'2025-11-13 15:00:21'),(40163,'Leeds General Infirmary',2328490799,63,'2025-04-21 15:00:21'),(40164,'Guy\'s Hospital',6798527463,64,'2025-01-21 15:00:21'),(40165,'Charing Cross Hospital',3055365147,65,'2025-07-06 15:00:21'),(40166,'John Radcliffe Hospital',6379346836,66,'2025-03-15 15:00:21'),(40167,'Kings College Hospital',6205504120,67,'2025-05-04 15:00:21'),(40168,'Hull Royal Infirmary',9808379634,68,'2025-11-22 15:00:21'),(40169,'Bristol Royal Infirmary',8982384920,69,'2025-02-01 15:00:21'),(40170,'Western General Hospital',7609122446,70,'2025-01-25 15:00:21'),(40171,'Ninewells Hospital',3936489657,71,'2025-09-22 15:00:21'),(40172,'Queen\'s Medical Centre',6770683643,72,'2025-12-19 15:00:21'),(40173,'Royal Free Hospital',4059287171,73,'2025-02-02 15:00:21'),(40174,'Freeman Hospital',7517685806,74,'2025-05-28 15:00:21'),(40175,'Glasgow Royal Infirmary',2842736194,75,'2025-06-10 15:00:21'),(40176,'Royal Sussex County Hospital',5195484101,76,'2025-11-07 15:00:21'),(40177,'St. George\'s Hospital',2780723965,77,'2025-07-24 15:00:21'),(40178,'Wythenshawe Hospital',3639282917,78,'2025-12-11 15:00:21'),(40179,'Morriston Hospital',9372501538,79,'2025-10-16 15:00:21'),(40180,'Derriford Hospital',7617817396,80,'2025-08-15 15:00:21'),(40181,'Royal Blackburn Hospital',9254579415,81,'2026-01-07 15:00:21'),(40182,'Stoke Mandeville Hospital',2718689504,82,'2025-02-12 15:00:21'),(40183,'James Cook University Hospital',5130432792,83,'2025-03-22 15:00:21'),(40184,'Aberdeen Royal Infirmary',5005163453,84,'2025-11-11 15:00:21'),(40185,'Queen Elizabeth University Hosp',5693928888,85,'2025-06-17 15:00:21'),(40186,'York Hospital',8740827378,86,'2025-02-02 15:00:21'),(40187,'Royal Derby Hospital',5458501987,87,'2025-05-19 15:00:21'),(40188,'Milton Keynes University Hosp',6518929210,88,'2025-03-17 15:00:21'),(40189,'Southmead Hospital',6455779737,89,'2025-01-24 15:00:21'),(40190,'Princess Royal Hospital',9108144771,90,'2025-08-26 15:00:21'),(40191,'Royal London Hospital',4119617000,91,'2025-06-08 15:00:21'),(40192,'Manchester Royal Infirmary',6498628815,92,'2025-09-25 15:00:21'),(40193,'St. Thomas\' Hospital',1464758851,93,'2025-04-27 15:00:21'),(40194,'Birmingham City Hospital',9280950796,94,'2025-09-15 15:00:21'),(40195,'Addenbrooke\'s Hospital',2711146398,95,'2025-12-28 15:00:21'),(40196,'Great Ormond Street Hospital',8576233573,96,'2025-01-25 15:00:21'),(40197,'University Hospital Southampton',1450850556,97,'2025-07-02 15:00:21'),(40198,'Royal Victoria Infirmary',7871881598,98,'2026-01-05 15:00:21'),(40199,'Queen Elizabeth Hospital',9932673391,99,'2025-05-26 15:00:21'),(40200,'Norfolk and Norwich Hospital',1008126622,100,'2025-06-22 15:00:21'),(40201,'Leeds General Infirmary',9541434093,1,'2025-03-05 15:00:21'),(40202,'Guy\'s Hospital',5372116802,2,'2025-02-21 15:00:21'),(40203,'Charing Cross Hospital',8425271795,3,'2025-06-21 15:00:21'),(40204,'John Radcliffe Hospital',9430086431,4,'2025-01-17 15:00:21'),(40205,'Kings College Hospital',2555821693,5,'2025-10-28 15:00:21'),(40206,'Hull Royal Infirmary',3450383401,6,'2025-04-06 15:00:21'),(40207,'Bristol Royal Infirmary',6111900443,7,'2025-09-26 15:00:21'),(40208,'Western General Hospital',1298696848,8,'2025-01-16 15:00:21'),(40209,'Ninewells Hospital',6681256439,9,'2025-02-17 15:00:21'),(40210,'Queen\'s Medical Centre',4333496738,10,'2025-01-27 15:00:21'),(40211,'Royal Free Hospital',8142589851,11,'2025-01-23 15:00:21'),(40212,'Freeman Hospital',9768771962,12,'2025-06-30 15:00:21'),(40213,'Glasgow Royal Infirmary',2387688880,13,'2025-04-08 15:00:21'),(40214,'Royal Sussex County Hospital',5921984634,14,'2025-05-03 15:00:21'),(40215,'St. George\'s Hospital',1738818567,15,'2025-11-27 15:00:21'),(40216,'Wythenshawe Hospital',7809782318,16,'2025-08-20 15:00:21'),(40217,'Morriston Hospital',6841548083,17,'2025-12-29 15:00:21'),(40218,'Derriford Hospital',4663895606,18,'2025-05-12 15:00:21'),(40219,'Royal Blackburn Hospital',1598861512,19,'2025-05-23 15:00:21'),(40220,'Stoke Mandeville Hospital',8857014670,20,'2025-02-19 15:00:21'),(40221,'James Cook University Hospital',8904679660,21,'2025-06-11 15:00:21'),(40222,'Aberdeen Royal Infirmary',1832102648,22,'2025-11-28 15:00:21'),(40223,'Queen Elizabeth University Hosp',1256602709,23,'2025-02-18 15:00:21'),(40224,'York Hospital',4956100226,24,'2025-08-18 15:00:21'),(40225,'Royal Derby Hospital',8848822255,25,'2025-12-08 15:00:21'),(40226,'Milton Keynes University Hosp',2074540177,26,'2025-07-11 15:00:21'),(40227,'Southmead Hospital',7192165552,27,'2025-07-28 15:00:21'),(40228,'Princess Royal Hospital',2565756212,28,'2025-08-01 15:00:21'),(40229,'Royal London Hospital',9696517401,29,'2026-01-03 15:00:21'),(40230,'Manchester Royal Infirmary',1854316223,30,'2025-12-18 15:00:21'),(40231,'St. Thomas\' Hospital',2773797998,31,'2025-11-14 15:00:21'),(40232,'Birmingham City Hospital',9669565327,32,'2025-10-29 15:00:21'),(40233,'Addenbrooke\'s Hospital',8708473514,33,'2025-07-03 15:00:21'),(40234,'Great Ormond Street Hospital',4290436159,34,'2025-10-18 15:00:21'),(40235,'University Hospital Southampton',7019450328,35,'2025-07-29 15:00:21'),(40236,'Royal Victoria Infirmary',7647293154,36,'2025-02-21 15:00:21'),(40237,'Queen Elizabeth Hospital',7628319970,37,'2025-09-05 15:00:21'),(40238,'Norfolk and Norwich Hospital',3232191128,38,'2025-11-13 15:00:21'),(40239,'Leeds General Infirmary',9990301899,39,'2025-11-01 15:00:21'),(40240,'Guy\'s Hospital',6014341758,40,'2026-01-07 15:00:21'),(40241,'Charing Cross Hospital',6349678009,41,'2025-11-18 15:00:21'),(40242,'John Radcliffe Hospital',4463849708,42,'2025-10-30 15:00:21'),(40243,'Kings College Hospital',5452702351,43,'2025-08-18 15:00:21'),(40244,'Hull Royal Infirmary',6104124102,44,'2025-05-17 15:00:21'),(40245,'Bristol Royal Infirmary',5242413558,45,'2025-10-05 15:00:21'),(40246,'Western General Hospital',3879446813,46,'2025-12-10 15:00:21'),(40247,'Ninewells Hospital',9402551995,47,'2025-10-17 15:00:21'),(40248,'Queen\'s Medical Centre',3676338118,48,'2025-09-21 15:00:21'),(40249,'Royal Free Hospital',2401861447,49,'2026-01-04 15:00:21'),(40250,'Freeman Hospital',6935981137,50,'2025-01-21 15:00:21'),(40251,'Glasgow Royal Infirmary',1507929743,51,'2026-01-01 15:00:21'),(40252,'Royal Sussex County Hospital',9084226812,52,'2025-11-10 15:00:21'),(40253,'St. George\'s Hospital',8792218908,53,'2025-10-24 15:00:21'),(40254,'Wythenshawe Hospital',1285141862,54,'2025-08-08 15:00:21'),(40255,'Morriston Hospital',8360859733,55,'2026-01-05 15:00:21'),(40256,'Derriford Hospital',8886109156,56,'2025-07-28 15:00:21'),(40257,'Royal Blackburn Hospital',6485426122,57,'2025-02-18 15:00:21'),(40258,'Stoke Mandeville Hospital',4060102679,58,'2025-09-10 15:00:21'),(40259,'James Cook University Hospital',8976172378,59,'2025-02-15 15:00:21'),(40260,'Aberdeen Royal Infirmary',1881674472,60,'2025-02-08 15:00:21'),(40261,'Queen Elizabeth University Hosp',8631672594,61,'2025-12-07 15:00:21'),(40262,'York Hospital',2754909163,62,'2025-02-24 15:00:21'),(40263,'Royal Derby Hospital',7695042500,63,'2025-11-10 15:00:21'),(40264,'Milton Keynes University Hosp',9850294370,64,'2025-10-08 15:00:21'),(40265,'Southmead Hospital',2484418989,65,'2025-01-21 15:00:21'),(40266,'Princess Royal Hospital',8282995550,66,'2025-01-14 15:00:21'),(40267,'Royal London Hospital',4985658472,67,'2025-03-31 15:00:21'),(40268,'Manchester Royal Infirmary',4657054869,68,'2025-06-19 15:00:21'),(40269,'St. Thomas\' Hospital',6908404377,69,'2025-10-12 15:00:21'),(40270,'Birmingham City Hospital',1777957780,70,'2025-12-29 15:00:21'),(40271,'Addenbrooke\'s Hospital',3762149735,71,'2025-02-23 15:00:21'),(40272,'Great Ormond Street Hospital',7405890455,72,'2025-09-05 15:00:21'),(40273,'University Hospital Southampton',9683283092,73,'2025-08-15 15:00:21'),(40274,'Royal Victoria Infirmary',4118875605,74,'2025-05-13 15:00:21'),(40275,'Queen Elizabeth Hospital',6784750365,75,'2025-10-09 15:00:21'),(40276,'Norfolk and Norwich Hospital',8884899568,76,'2025-08-21 15:00:21'),(40277,'Leeds General Infirmary',6199168561,77,'2025-10-19 15:00:21'),(40278,'Guy\'s Hospital',7662990921,78,'2025-07-28 15:00:21'),(40279,'Charing Cross Hospital',5424117590,79,'2025-09-30 15:00:21'),(40280,'John Radcliffe Hospital',8310896663,80,'2025-02-21 15:00:21'),(40281,'Kings College Hospital',2851469545,81,'2025-11-11 15:00:21'),(40282,'Hull Royal Infirmary',7579317895,82,'2025-01-17 15:00:21'),(40283,'Bristol Royal Infirmary',2273638739,83,'2025-06-24 15:00:21'),(40284,'Western General Hospital',9217987760,84,'2025-05-29 15:00:21'),(40285,'Ninewells Hospital',3145791185,85,'2025-08-23 15:00:21'),(40286,'Queen\'s Medical Centre',6308951260,86,'2025-12-28 15:00:21'),(40287,'Royal Free Hospital',2611353822,87,'2025-02-15 15:00:21'),(40288,'Freeman Hospital',5737334683,88,'2025-08-23 15:00:21'),(40289,'Glasgow Royal Infirmary',7915754979,89,'2025-01-29 15:00:21'),(40290,'Royal Sussex County Hospital',1300877091,90,'2025-04-13 15:00:21'),(40291,'St. George\'s Hospital',6781544196,91,'2025-05-14 15:00:21'),(40292,'Wythenshawe Hospital',3251084242,92,'2025-05-17 15:00:21'),(40293,'Morriston Hospital',9098590828,93,'2026-01-06 15:00:21'),(40294,'Derriford Hospital',8806550197,94,'2025-12-09 15:00:21'),(40295,'Royal Blackburn Hospital',1395306898,95,'2025-11-30 15:00:21'),(40296,'Stoke Mandeville Hospital',4726432594,96,'2025-12-12 15:00:21'),(40297,'James Cook University Hospital',3921662641,97,'2025-03-14 15:00:21'),(40298,'Aberdeen Royal Infirmary',1269387088,98,'2026-01-08 15:00:21'),(40299,'Queen Elizabeth University Hosp',1280214306,99,'2025-04-07 15:00:21'),(40300,'York Hospital',5504884818,100,'2025-06-24 15:00:21'),(40301,'Royal Derby Hospital',4720688902,1,'2025-11-24 15:00:21'),(40302,'Milton Keynes University Hosp',9329131354,2,'2025-12-28 15:00:21'),(40303,'Southmead Hospital',1347127385,3,'2025-06-23 15:00:21'),(40304,'Princess Royal Hospital',8101534147,4,'2025-06-01 15:00:21'),(40305,'Royal London Hospital',9283701165,5,'2025-09-10 15:00:21'),(40306,'Manchester Royal Infirmary',2561917609,6,'2025-11-25 15:00:21'),(40307,'St. Thomas\' Hospital',6390498161,7,'2025-03-30 15:00:21'),(40308,'Birmingham City Hospital',6702658741,8,'2026-01-09 15:00:21'),(40309,'Addenbrooke\'s Hospital',5048687803,9,'2026-01-12 15:00:21'),(40310,'Great Ormond Street Hospital',6149672287,10,'2025-08-18 15:00:21'),(40311,'University Hospital Southampton',4313816775,11,'2025-12-13 15:00:21'),(40312,'Royal Victoria Infirmary',9812775288,12,'2025-05-04 15:00:21'),(40313,'Queen Elizabeth Hospital',1968521096,13,'2025-10-24 15:00:21'),(40314,'Norfolk and Norwich Hospital',2582286502,14,'2025-04-24 15:00:21'),(40315,'Leeds General Infirmary',2858281270,15,'2025-07-02 15:00:21'),(40316,'Guy\'s Hospital',5042456299,16,'2025-08-08 15:00:21'),(40317,'Charing Cross Hospital',3987937082,17,'2025-04-25 15:00:21'),(40318,'John Radcliffe Hospital',7602053048,18,'2025-07-16 15:00:21'),(40319,'Kings College Hospital',4034880510,19,'2025-02-22 15:00:21'),(40320,'Hull Royal Infirmary',5436877135,20,'2025-10-06 15:00:21'),(40321,'Bristol Royal Infirmary',4531405156,21,'2025-02-06 15:00:21'),(40322,'Western General Hospital',5276889853,22,'2025-10-22 15:00:21'),(40323,'Ninewells Hospital',8906877104,23,'2025-05-21 15:00:21'),(40324,'Queen\'s Medical Centre',6984556247,24,'2025-08-03 15:00:21'),(40325,'Royal Free Hospital',7603203153,25,'2025-12-11 15:00:21'),(40326,'Freeman Hospital',1115112666,26,'2025-01-22 15:00:21'),(40327,'Glasgow Royal Infirmary',9066701787,27,'2025-03-16 15:00:21'),(40328,'Royal Sussex County Hospital',6872229043,28,'2025-10-19 15:00:21'),(40329,'St. George\'s Hospital',7322491228,29,'2025-12-03 15:00:21'),(40330,'Wythenshawe Hospital',3010700984,30,'2025-01-21 15:00:21'),(40331,'Morriston Hospital',2239558229,31,'2025-01-31 15:00:21'),(40332,'Derriford Hospital',8284670854,32,'2025-10-19 15:00:21'),(40333,'Royal Blackburn Hospital',8321068554,33,'2025-09-15 15:00:21'),(40334,'Stoke Mandeville Hospital',2156028585,34,'2025-09-05 15:00:21'),(40335,'James Cook University Hospital',3840066025,35,'2025-06-12 15:00:21'),(40336,'Aberdeen Royal Infirmary',5841116468,36,'2025-04-01 15:00:21'),(40337,'Queen Elizabeth University Hosp',6867144474,37,'2025-09-21 15:00:21'),(40338,'York Hospital',1438570863,38,'2025-02-18 15:00:21'),(40339,'Royal Derby Hospital',2457352278,39,'2025-02-22 15:00:21'),(40340,'Milton Keynes University Hosp',1066417490,40,'2025-02-05 15:00:21'),(40341,'Southmead Hospital',6681669757,41,'2025-07-24 15:00:21'),(40342,'Princess Royal Hospital',5960926699,42,'2025-06-06 15:00:21'),(40343,'Royal London Hospital',7716587302,43,'2025-03-16 15:00:21'),(40344,'Manchester Royal Infirmary',6531652723,44,'2025-07-29 15:00:21'),(40345,'St. Thomas\' Hospital',1970059787,45,'2025-05-26 15:00:21'),(40346,'Birmingham City Hospital',9171748488,46,'2025-08-25 15:00:21'),(40347,'Addenbrooke\'s Hospital',6118591516,47,'2025-04-22 15:00:21'),(40348,'Great Ormond Street Hospital',8957616841,48,'2025-12-30 15:00:21'),(40349,'University Hospital Southampton',5640364495,49,'2025-10-14 15:00:21'),(40350,'Royal Victoria Infirmary',9154131262,50,'2025-02-10 15:00:21'),(40351,'Queen Elizabeth Hospital',6059937794,51,'2025-03-26 15:00:21'),(40352,'Norfolk and Norwich Hospital',3011530705,52,'2025-03-07 15:00:21'),(40353,'Leeds General Infirmary',5209389425,53,'2025-11-29 15:00:21'),(40354,'Guy\'s Hospital',1310841406,54,'2025-11-11 15:00:21'),(40355,'Charing Cross Hospital',9635990241,55,'2025-06-20 15:00:21'),(40356,'John Radcliffe Hospital',4184043461,56,'2025-10-21 15:00:21'),(40357,'Kings College Hospital',3087335479,57,'2025-02-26 15:00:21'),(40358,'Hull Royal Infirmary',2651899474,58,'2025-10-16 15:00:21'),(40359,'Bristol Royal Infirmary',3693476729,59,'2025-02-14 15:00:21'),(40360,'Western General Hospital',5800953809,60,'2025-05-30 15:00:21'),(40361,'Ninewells Hospital',8213155961,61,'2025-11-09 15:00:21'),(40362,'Queen\'s Medical Centre',4707848516,62,'2025-04-30 15:00:21'),(40363,'Royal Free Hospital',1946497124,63,'2025-09-10 15:00:21'),(40364,'Freeman Hospital',4776326404,64,'2025-05-03 15:00:21'),(40365,'Glasgow Royal Infirmary',7948989521,65,'2025-09-06 15:00:21'),(40366,'Royal Sussex County Hospital',4517573503,66,'2025-04-29 15:00:21'),(40367,'St. George\'s Hospital',8117782244,67,'2025-12-18 15:00:21'),(40368,'Wythenshawe Hospital',9177477882,68,'2025-12-17 15:00:21'),(40369,'Morriston Hospital',3994977498,69,'2025-08-28 15:00:21'),(40370,'Derriford Hospital',7102542558,70,'2025-11-09 15:00:21'),(40371,'Royal Blackburn Hospital',5691480991,71,'2025-03-18 15:00:21'),(40372,'Stoke Mandeville Hospital',1971402941,72,'2025-03-24 15:00:21'),(40373,'James Cook University Hospital',3510427357,73,'2025-04-05 15:00:21'),(40374,'Aberdeen Royal Infirmary',4730067289,74,'2025-06-07 15:00:21'),(40375,'Queen Elizabeth University Hosp',9251253426,75,'2025-02-28 15:00:21'),(40376,'York Hospital',8695995452,76,'2025-01-24 15:00:21'),(40377,'Royal Derby Hospital',9777727839,77,'2025-10-31 15:00:21'),(40378,'Milton Keynes University Hosp',8251016843,78,'2025-09-16 15:00:21'),(40379,'Southmead Hospital',9882942273,79,'2025-09-14 15:00:21'),(40380,'Princess Royal Hospital',9032334692,80,'2025-11-08 15:00:21'),(40381,'Royal London Hospital',4796275705,81,'2025-12-16 15:00:21'),(40382,'Manchester Royal Infirmary',4726389206,82,'2025-09-28 15:00:21'),(40383,'St. Thomas\' Hospital',5642128656,83,'2025-11-20 15:00:21'),(40384,'Birmingham City Hospital',5563856688,84,'2025-08-18 15:00:21'),(40385,'Addenbrooke\'s Hospital',4630021660,85,'2025-09-14 15:00:21'),(40386,'Great Ormond Street Hospital',6733765194,86,'2025-07-28 15:00:21'),(40387,'University Hospital Southampton',6640993473,87,'2025-02-06 15:00:21'),(40388,'Royal Victoria Infirmary',3042087452,88,'2025-12-27 15:00:21'),(40389,'Queen Elizabeth Hospital',5493086007,89,'2025-10-25 15:00:21'),(40390,'Norfolk and Norwich Hospital',4228470732,90,'2025-09-10 15:00:21'),(40391,'Leeds General Infirmary',1453048199,91,'2025-09-29 15:00:21'),(40392,'Guy\'s Hospital',5547325514,92,'2025-01-15 15:00:21'),(40393,'Charing Cross Hospital',3049992079,93,'2025-06-01 15:00:21'),(40394,'John Radcliffe Hospital',3815542510,94,'2025-12-17 15:00:21'),(40395,'Kings College Hospital',3884361386,95,'2025-10-02 15:00:21'),(40396,'Hull Royal Infirmary',8558218363,96,'2025-11-09 15:00:21'),(40397,'Bristol Royal Infirmary',5015246014,97,'2025-04-28 15:00:21'),(40398,'Western General Hospital',1760099157,98,'2025-08-15 15:00:21'),(40399,'Ninewells Hospital',7637228637,99,'2025-07-26 15:00:21'),(40400,'Queen\'s Medical Centre',7835133873,100,'2025-02-02 15:00:21'),(40401,'Royal Free Hospital',4514863926,1,'2025-05-17 15:00:21'),(40402,'Freeman Hospital',7573739431,2,'2025-03-09 15:00:21'),(40403,'Glasgow Royal Infirmary',3633877309,3,'2025-01-26 15:00:21'),(40404,'Royal Sussex County Hospital',8491976021,4,'2025-02-19 15:00:21'),(40405,'St. George\'s Hospital',3961999317,5,'2025-06-10 15:00:21'),(40406,'Wythenshawe Hospital',6942374949,6,'2025-07-05 15:00:21'),(40407,'Morriston Hospital',3560047058,7,'2025-03-10 15:00:21'),(40408,'Derriford Hospital',8082739038,8,'2025-04-30 15:00:21'),(40409,'Royal Blackburn Hospital',8970266189,9,'2025-04-10 15:00:21'),(40410,'Stoke Mandeville Hospital',5864010651,10,'2025-08-28 15:00:21'),(40411,'James Cook University Hospital',1985310331,11,'2025-04-08 15:00:21'),(40412,'Aberdeen Royal Infirmary',6875763291,12,'2025-05-22 15:00:21'),(40413,'Queen Elizabeth University Hosp',8609806992,13,'2025-10-31 15:00:21'),(40414,'York Hospital',1670946123,14,'2025-11-17 15:00:21'),(40415,'Royal Derby Hospital',1512678675,15,'2025-08-02 15:00:21'),(40416,'Milton Keynes University Hosp',8239519167,16,'2025-09-26 15:00:21'),(40417,'Southmead Hospital',2995890080,17,'2025-11-28 15:00:21'),(40418,'Princess Royal Hospital',3584669269,18,'2025-08-14 15:00:21'),(40419,'Royal London Hospital',9287181749,19,'2025-09-20 15:00:21'),(40420,'Manchester Royal Infirmary',6711612968,20,'2025-07-14 15:00:21'),(40421,'St. Thomas\' Hospital',2635920169,21,'2025-11-05 15:00:21'),(40422,'Birmingham City Hospital',3752459289,22,'2025-07-28 15:00:21'),(40423,'Addenbrooke\'s Hospital',4911069591,23,'2025-07-06 15:00:21'),(40424,'Great Ormond Street Hospital',2818066593,24,'2025-12-09 15:00:21'),(40425,'University Hospital Southampton',2649359965,25,'2025-09-01 15:00:21'),(40426,'Royal Victoria Infirmary',8118651788,26,'2025-10-12 15:00:21'),(40427,'Queen Elizabeth Hospital',2027666540,27,'2025-02-15 15:00:21'),(40428,'Norfolk and Norwich Hospital',5775304276,28,'2025-02-01 15:00:21'),(40429,'Leeds General Infirmary',7095962105,29,'2025-06-25 15:00:21'),(40430,'Guy\'s Hospital',8236809054,30,'2025-12-18 15:00:21'),(40431,'Charing Cross Hospital',8286817963,31,'2026-01-09 15:00:21'),(40432,'John Radcliffe Hospital',1306224634,32,'2025-04-10 15:00:21'),(40433,'Kings College Hospital',7065592866,33,'2025-03-28 15:00:21'),(40434,'Hull Royal Infirmary',5929233094,34,'2025-12-21 15:00:21'),(40435,'Bristol Royal Infirmary',2986520601,35,'2025-12-03 15:00:21'),(40436,'Western General Hospital',3065556632,36,'2025-04-05 15:00:21'),(40437,'Ninewells Hospital',8114277090,37,'2025-06-28 15:00:21'),(40438,'Queen\'s Medical Centre',9165947059,38,'2025-01-17 15:00:21'),(40439,'Royal Free Hospital',4773395735,39,'2025-08-18 15:00:21'),(40440,'Freeman Hospital',1724063022,40,'2025-10-03 15:00:21'),(40441,'Glasgow Royal Infirmary',1909102377,41,'2025-11-28 15:00:21'),(40442,'Royal Sussex County Hospital',2509097351,42,'2025-12-01 15:00:21'),(40443,'St. George\'s Hospital',5138505086,43,'2025-12-08 15:00:21'),(40444,'Wythenshawe Hospital',3026063503,44,'2025-10-24 15:00:21'),(40445,'Morriston Hospital',6107651763,45,'2025-11-22 15:00:21'),(40446,'Derriford Hospital',7983596568,46,'2025-09-11 15:00:21'),(40447,'Royal Blackburn Hospital',4515188342,47,'2025-02-27 15:00:21'),(40448,'Stoke Mandeville Hospital',6441643590,48,'2025-10-30 15:00:21'),(40449,'James Cook University Hospital',3707805819,49,'2025-09-10 15:00:21'),(40450,'Aberdeen Royal Infirmary',9994837717,50,'2025-03-08 15:00:21'),(40451,'Queen Elizabeth University Hosp',6823913749,51,'2025-10-05 15:00:21'),(40452,'York Hospital',8629996386,52,'2025-05-15 15:00:21'),(40453,'Royal Derby Hospital',8495595242,53,'2025-09-25 15:00:21'),(40454,'Milton Keynes University Hosp',3718806331,54,'2025-07-17 15:00:21'),(40455,'Southmead Hospital',1591729974,55,'2025-07-05 15:00:21'),(40456,'Princess Royal Hospital',7975756901,56,'2025-10-02 15:00:21'),(40457,'Royal London Hospital',5609223023,57,'2025-06-10 15:00:21'),(40458,'Manchester Royal Infirmary',3394760713,58,'2025-07-31 15:00:21'),(40459,'St. Thomas\' Hospital',3913623033,59,'2025-07-24 15:00:21'),(40460,'Birmingham City Hospital',4568610182,60,'2025-11-23 15:00:21'),(40461,'Addenbrooke\'s Hospital',3927737551,61,'2025-08-18 15:00:21'),(40462,'Great Ormond Street Hospital',2796924649,62,'2026-01-09 15:00:21'),(40463,'University Hospital Southampton',9434822954,63,'2025-07-17 15:00:21'),(40464,'Royal Victoria Infirmary',9814608232,64,'2025-11-20 15:00:21'),(40465,'Queen Elizabeth Hospital',5284596574,65,'2025-10-31 15:00:21'),(40466,'Norfolk and Norwich Hospital',3020339045,66,'2025-02-21 15:00:21'),(40467,'Leeds General Infirmary',5419368142,67,'2025-09-03 15:00:21'),(40468,'Guy\'s Hospital',7222369850,68,'2025-04-22 15:00:21'),(40469,'Charing Cross Hospital',8635034646,69,'2025-11-02 15:00:21'),(40470,'John Radcliffe Hospital',4634201726,70,'2025-05-02 15:00:21'),(40471,'Kings College Hospital',7145715439,71,'2025-12-24 15:00:21'),(40472,'Hull Royal Infirmary',9166872412,72,'2025-11-28 15:00:21'),(40473,'Bristol Royal Infirmary',1478098028,73,'2025-07-10 15:00:21'),(40474,'Western General Hospital',5308713410,74,'2025-04-01 15:00:21'),(40475,'Ninewells Hospital',5841181916,75,'2025-06-15 15:00:21'),(40476,'Queen\'s Medical Centre',4794951749,76,'2025-06-30 15:00:21'),(40477,'Royal Free Hospital',5979876267,77,'2025-04-29 15:00:21'),(40478,'Freeman Hospital',8839284946,78,'2025-03-03 15:00:21'),(40479,'Glasgow Royal Infirmary',2700156571,79,'2025-10-08 15:00:21'),(40480,'Royal Sussex County Hospital',1110371473,80,'2025-09-06 15:00:21'),(40481,'St. George\'s Hospital',6988436820,81,'2025-08-06 15:00:21'),(40482,'Wythenshawe Hospital',8251949406,82,'2025-06-13 15:00:21'),(40483,'Morriston Hospital',8531951868,83,'2025-07-09 15:00:21'),(40484,'Derriford Hospital',2139240655,84,'2025-05-30 15:00:21'),(40485,'Royal Blackburn Hospital',2904139628,85,'2025-08-02 15:00:21'),(40486,'Stoke Mandeville Hospital',1527115200,86,'2025-02-22 15:00:21'),(40487,'James Cook University Hospital',1854266731,87,'2025-07-11 15:00:21'),(40488,'Aberdeen Royal Infirmary',5142798268,88,'2025-07-15 15:00:21'),(40489,'Queen Elizabeth University Hosp',2129504499,89,'2025-04-11 15:00:21'),(40490,'York Hospital',9328532896,90,'2026-01-10 15:00:21'),(40491,'Royal Derby Hospital',6240200379,91,'2025-05-05 15:00:21'),(40492,'Milton Keynes University Hosp',3265171498,92,'2025-11-22 15:00:21'),(40493,'Southmead Hospital',3625606218,93,'2025-07-16 15:00:21'),(40494,'Princess Royal Hospital',5432772438,94,'2025-06-16 15:00:21'),(40495,'Royal London Hospital',6123154154,95,'2025-03-09 15:00:21'),(40496,'Manchester Royal Infirmary',8405435643,96,'2025-05-20 15:00:21'),(40497,'St. Thomas\' Hospital',3983969776,97,'2025-08-31 15:00:21'),(40498,'Birmingham City Hospital',3428187541,98,'2025-01-31 15:00:21'),(40499,'Addenbrooke\'s Hospital',9863426325,99,'2025-06-13 15:00:21'),(40500,'Great Ormond Street Hospital',8574027733,100,'2025-12-10 15:00:21');
/*!40000 ALTER TABLE `appointments` ENABLE KEYS */;
UNLOCK TABLES;

--
-- Table structure for table `doctors`
--

DROP TABLE IF EXISTS `doctors`;
/*!40101 SET @saved_cs_client     = @@character_set_client */;
/*!50503 SET character_set_client = utf8mb4 */;
CREATE TABLE `doctors` (
  `doctor_id` int NOT NULL,
  `doctor_name` varchar(255) NOT NULL,
  `doctor_prename` varchar(255) NOT NULL,
  `doctor_address` text NOT NULL,
  `hospital_name` varchar(255) NOT NULL,
  `disease_id` int DEFAULT NULL,
  `DoB` date NOT NULL,
  PRIMARY KEY (`doctor_id`),
  KEY `hospital_name` (`hospital_name`),
  CONSTRAINT `doctors_ibfk_1` FOREIGN KEY (`hospital_name`) REFERENCES `hospitals` (`hospital_name`)
) ENGINE=InnoDB DEFAULT CHARSET=utf8mb4 COLLATE=utf8mb4_0900_ai_ci;
/*!40101 SET character_set_client = @saved_cs_client */;

--
-- Dumping data for table `doctors`
--

LOCK TABLES `doctors` WRITE;
/*!40000 ALTER TABLE `doctors` DISABLE KEYS */;
INSERT INTO `doctors` VALUES (1,'Brooks','Steve','Studio 8, Walton street, New Marilyn, PE2 7GE','Royal London Hospital',600,'1973-11-15'),(2,'Alexander','Jacob','Studio 42, Carly ferry, North Oliverport, BH4H 5YJ','Manchester Royal Infirmary',601,'1997-01-12'),(3,'Harrell','Mark','Studio 13C, Wright turnpike, Joshuastad, S9K 9DF','St. Thomas\' Hospital',602,'1994-12-08'),(4,'Anderson','Anthony','Flat 02, Chloe vista, Jennamouth, B4T 4RZ','Birmingham City Hospital',603,'1964-01-14'),(5,'Henderson','Deborah','Studio 5, Davies summit, New Tomton, HR6 3HP','Addenbrooke\'s Hospital',604,'1973-07-20'),(6,'Sawyer','Ashley','7 Lynn wall, Port Julian, MK2 5BJ','Great Ormond Street Hospital',605,'1964-02-03'),(7,'Hall','Sheena','Flat 95, Leon cliffs, Ellieton, W4U 0EU','University Hospital Southampton',606,'1996-06-13'),(8,'Ballard','Christine','4 Long creek, West Lorraine, HP0 0EU','Royal Victoria Infirmary',607,'1962-12-10'),(9,'Daniel','Jesse','1 Roberts pines, North Cameron, BA1 4DF','Queen Elizabeth Hospital',608,'1997-01-06'),(10,'Mcfarland','John','706 Allan mount, Lewisport, S21 1TR','Norfolk and Norwich Hospital',609,'1984-09-04'),(11,'Jones','Anne','098 Preston walks, Kayleighside, TF7 0JH','Leeds General Infirmary',610,'1978-03-15'),(12,'Thompson','Noah','0 Louise shore, East Nicola, S69 4BY','Guy\'s Hospital',611,'1957-12-29'),(13,'Jimenez','Gabriel','Flat 47, O\'Connor walk, West Alexborough, M8 0XX','Charing Cross Hospital',612,'1987-08-07'),(14,'Bowman','Katherine','Flat 65, Kenneth estate, Stanleybury, CT8 7HL','John Radcliffe Hospital',613,'1970-01-23'),(15,'Sherman','Douglas','37 Toby spurs, North Valerie, N1D 6TB','Kings College Hospital',614,'1972-06-08'),(16,'Williams','Claudia','6 Coleman mountains, North Michelleville, BN1 9QS','Hull Royal Infirmary',615,'1976-04-15'),(17,'Boone','Steven','033 Ashley forges, East Daniel, L0 6LZ','Bristol Royal Infirmary',616,'1968-01-15'),(18,'Williams','Ryan','91 Arnold stream, East Amandaton, W13 2EU','Western General Hospital',617,'1955-12-28'),(19,'Patterson','Richard','Studio 29, Thomas port, Baileyside, W16 3ZP','Ninewells Hospital',618,'1988-10-17'),(20,'Fleming','Julian','Studio 58s, Ball roads, East Oliviastad, LE4Y 6LP','Queen\'s Medical Centre',619,'1961-08-26'),(21,'Mccormick','Brian','Studio 1, Nigel island, Port Rebeccabury, ZE91 2PP','Royal Free Hospital',620,'1962-10-23'),(22,'Carter','Rachel','07 Hussain expressway, West Zoeshire, G8 6HJ','Freeman Hospital',621,'1984-10-29'),(23,'Avila','Luis','Studio 57, Jodie extensions, West Gemmashire, HA8 3DE','Glasgow Royal Infirmary',622,'1971-11-21'),(24,'Vance','Nathan','Studio 2, Teresa rapids, Ahmedborough, S2K 5UU','Royal Sussex County Hospital',623,'1997-01-21'),(25,'Morris','Matthew','448 Perry views, Damianview, M4E 5FQ','St. George\'s Hospital',624,'1972-06-29'),(26,'Christensen','Jacob','Studio 52, Hilary hills, Port Naomi, N41 5RY','Wythenshawe Hospital',625,'1976-05-17'),(27,'West','Henry','1 Walker mission, Guyton, KY1B 7LE','Morriston Hospital',626,'1994-07-28'),(28,'Savage','Michelle','5 Walsh parks, West Harrietland, KY7P 4NF','Derriford Hospital',627,'1972-05-21'),(29,'Brown','Andrea','1 Kate rue, Port Leonport, N3S 3QT','Royal Blackburn Hospital',628,'1980-03-23'),(30,'Grant','Sergio','Studio 10Z, Russell ways, Turnerside, CV2 5FB','Stoke Mandeville Hospital',629,'1963-11-14'),(31,'Porter','John','9 Olivia crossroad, North Steven, W7E 7LD','James Cook University Hospital',630,'1955-10-20'),(32,'Johnson','Michael','Studio 73O, Mandy vista, West Michael, N9G 5UH','Aberdeen Royal Infirmary',631,'1957-01-17'),(33,'Burgess','Larry','Studio 15, Lee islands, South Ellieview, B2W 4ER','Queen Elizabeth University Hosp',632,'1990-09-20'),(34,'Cardenas','Ariel','644 Clifford mission, Clarkeberg, HU5A 8HW','York Hospital',633,'1980-12-31'),(35,'Martin','Steven','Flat 01z, Hill springs, South Brandon, SM39 1FW','Royal Derby Hospital',634,'1976-03-18'),(36,'Wilson','Xavier','Flat 0, Clark groves, North Joycefort, E8 6ZR','Milton Keynes University Hosp',635,'1968-06-06'),(37,'Brown','Michelle','388 Newman spur, Lake Bethberg, W40 8GD','Southmead Hospital',636,'1993-12-28'),(38,'Duran','Michelle','8 Malcolm square, Brettstad, B63 6SR','Princess Royal Hospital',637,'1965-10-07'),(39,'Hansen','Amy','Flat 92E, Noble run, Bethanmouth, CF22 7WA','Royal London Hospital',638,'1957-06-16'),(40,'Jones','Michael','6 Thomas parkway, Raymondburgh, IV2A 7SB','Manchester Royal Infirmary',639,'1964-10-02'),(41,'Watts','Eric','130 Kelly forge, Andrewville, W8W 7PB','St. Thomas\' Hospital',640,'1991-06-24'),(42,'Myers','Shannon','Studio 65, Taylor lock, West Ruthview, E1C 6GG','Birmingham City Hospital',641,'1974-02-14'),(43,'Spencer','Adam','Studio 7, Elizabeth street, New Cliffordland, M79 8QG','Addenbrooke\'s Hospital',642,'1975-11-17'),(44,'Jones','Brenda','646 Sarah spurs, Taylorport, M8A 8ES','Great Ormond Street Hospital',643,'1990-01-19'),(45,'Snyder','Andrew','4 Stewart brooks, West Katechester, WD6M 6DL','University Hospital Southampton',644,'1974-09-05'),(46,'Martinez','Christopher','9 Stevens hills, East Eleanor, HS90 2TL','Royal Victoria Infirmary',645,'1979-08-08'),(47,'Reeves','Laura','Flat 96Q, Laura street, Taylorhaven, B22 0NF','Queen Elizabeth Hospital',646,'1985-01-10'),(48,'Lopez','Peter','Studio 85, Hart garden, Royville, IV7P 2NE','Norfolk and Norwich Hospital',647,'1961-10-17'),(49,'Crawford','Sara','5 Graham centers, Port Nicolastad, N5 0GZ','Leeds General Infirmary',648,'1984-07-13'),(50,'Dyer','Lisa','Flat 6, Hughes islands, Lake Charlie, W2 4DX','Guy\'s Hospital',649,'1969-05-01'),(51,'Peterson','Michelle','Flat 99, Leon walks, Arthurchester, OL38 7XL','Charing Cross Hospital',650,'1963-01-26'),(52,'Horton','Nicole','Flat 12d, Alexandra stravenue, Ashleightown, AL75 7RB','John Radcliffe Hospital',651,'1965-05-13'),(53,'Watson','Stephen','52 Moss neck, New Melanieton, M95 8JP','Kings College Hospital',652,'1980-12-23'),(54,'Wood','Joseph','Flat 89T, Susan manor, Port Oliviashire, G76 7ZX','Hull Royal Infirmary',653,'1959-11-09'),(55,'Mendoza','Tamara','367 Edwards ridges, Mohammadstad, SW6A 4FP','Bristol Royal Infirmary',654,'1997-09-23'),(56,'Fowler','Kyle','Flat 95t, Liam mills, Lake Graham, EH3M 7UH','Western General Hospital',655,'1977-10-24'),(57,'Dunn','Jaime','16 Aaron mountain, Alexandratown, E43 2EQ','Ninewells Hospital',656,'1958-11-05'),(58,'Jackson','Edward','Studio 06, Kent light, North Alan, PH23 7WA','Queen\'s Medical Centre',657,'1988-06-16'),(59,'Sexton','Kimberly','Flat 45, Hutchinson inlet, East Toby, G73 8QD','Royal Free Hospital',658,'1967-10-12'),(60,'Rivera','Matthew','Studio 02B, Morrison lock, Joneschester, G3J 3GE','Freeman Hospital',659,'1981-08-30'),(61,'Smith','Robert','Studio 99i, Elliot freeway, New Brenda, S8E 9UT','Glasgow Royal Infirmary',660,'1965-06-01'),(62,'Green','Betty','92 Julian lodge, Coxborough, B6D 8PT','Royal Sussex County Hospital',661,'1992-11-14'),(63,'Flores','Austin','Flat 06s, Barry underpass, Hollystad, WD58 6TF','St. George\'s Hospital',662,'1987-09-30'),(64,'Arnold','Victoria','9 Curtis causeway, Dominicfort, W2E 2FJ','Wythenshawe Hospital',663,'1972-08-09'),(65,'Henry','Brian','Flat 2, Brown spur, South Mandyton, CF7X 1SA','Morriston Hospital',664,'1956-10-09'),(66,'Becker','Christopher','Studio 2, Gary land, Nicoletown, E9 4HB','Derriford Hospital',665,'1971-03-24'),(67,'Gibson','Patricia','Studio 3, Carolyn station, North Mohamed, G1A 4EQ','Royal Blackburn Hospital',666,'1956-03-15'),(68,'Stephens','Christopher','Studio 23, Roy branch, Hillfort, N7U 9GZ','Stoke Mandeville Hospital',667,'1993-12-20'),(69,'King','Stephen','6 Nicholls springs, Fostershire, NP3E 5RA','James Cook University Hospital',668,'1989-12-16'),(70,'Thompson','Alexander','450 Adam glen, Elliottfurt, L1 5NS','Aberdeen Royal Infirmary',669,'1994-01-21'),(71,'Diaz','Marisa','8 Owen lock, South Karenbury, S1E 7XS','Queen Elizabeth University Hosp',670,'1994-08-08'),(72,'Martinez','Maria','8 Mason spurs, North Derekton, S6J 8ZF','York Hospital',671,'1959-11-10'),(73,'Smith','Kenneth','59 Metcalfe track, South Patrickfort, E9F 2PD','Royal Derby Hospital',672,'1972-03-15'),(74,'Ochoa','Trevor','Studio 91, Kyle mount, New Shane, KY4 5WU','Milton Keynes University Hosp',673,'1997-12-04'),(75,'Jackson','Ryan','Studio 38p, Berry knoll, Francisberg, B1 7XW','Southmead Hospital',674,'1994-05-31'),(76,'Tate','Diana','Studio 4, Cole row, East Joanhaven, CH9V 7LT','Princess Royal Hospital',675,'1960-07-06'),(77,'Haynes','Jackson','Flat 4, Shaun wall, Georgeborough, L63 2YF','Royal London Hospital',676,'1970-03-04'),(78,'Clark','Miranda','Studio 81Y, John plains, South Hughbury, PR47 6JJ','Manchester Royal Infirmary',677,'1972-10-18'),(79,'Jordan','Tanner','419 Gareth throughway, West Maurice, B5 1WQ','St. Thomas\' Hospital',678,'1957-12-13'),(80,'Lopez','Amanda','4 Wendy meadow, North Callumshire, N9 2FW','Birmingham City Hospital',679,'1970-09-17'),(81,'Benjamin','Elizabeth','Studio 00, Hill valleys, Port Melissa, SY56 5EL','Addenbrooke\'s Hospital',680,'1977-12-15'),(82,'Christian','Tyler','48 Grant shore, East Annamouth, UB57 5QJ','Great Ormond Street Hospital',681,'1978-01-11'),(83,'Day','Victoria','Flat 29, Fowler view, New Jayfort, N01 5EH','University Hospital Southampton',682,'1964-05-22'),(84,'White','Garrett','Studio 18, Dylan well, Lisaborough, B8 5LL','Royal Victoria Infirmary',683,'1957-07-10'),(85,'Butler','Tammy','Studio 5, Melissa islands, South Elliott, E50 2GT','Queen Elizabeth Hospital',684,'1964-04-09'),(86,'Mccormick','Christopher','Studio 32l, Michelle squares, Port Patricia, CO1 2DY','Norfolk and Norwich Hospital',685,'1996-11-14'),(87,'Porter','Matthew','024 Wright wells, Port Tinamouth, DA50 0GH','Leeds General Infirmary',686,'1996-01-29'),(88,'Martin','Laura','222 Cooper flat, Billyside, N90 4HH','Guy\'s Hospital',687,'1970-07-24'),(89,'James','Angela','4 Bates ridge, Browneside, L0B 9QB','Charing Cross Hospital',688,'1986-03-16'),(90,'Cooper','Keith','300 Pearson point, Allenchester, G0J 1XT','John Radcliffe Hospital',689,'1965-03-04'),(91,'Thompson','Mitchell','Studio 1, Laura viaduct, North Oliviaton, E6 1TU','Kings College Hospital',690,'1971-06-05'),(92,'Vance','Thomas','Studio 68Z, Matthews mews, Lake Katherine, HR09 6XX','Hull Royal Infirmary',691,'1971-04-12'),(93,'Jones','Jeff','58 Cameron harbor, Lake Mitchellhaven, L7 5JZ','Bristol Royal Infirmary',692,'1954-10-08'),(94,'Lopez','Joshua','35 Taylor ferry, Smithmouth, G09 0FN','Western General Hospital',693,'1977-10-19'),(95,'Fernandez','Bradley','Studio 73M, Alan manor, Crosston, FY2 9YS','Ninewells Hospital',694,'1972-06-06'),(96,'Harris','David','7 Wilson spur, Lake Rita, M6F 6ED','Queen\'s Medical Centre',695,'1992-02-09'),(97,'Shelton','Joanna','4 Wood crest, West Jemma, HD05 0XA','Royal Free Hospital',696,'1986-06-17'),(98,'Guerrero','Paul','5 Norman fork, Jonesstad, RG3N 6ZS','Freeman Hospital',697,'1985-05-04'),(99,'Cox','Dennis','90 Hughes skyway, Dianamouth, TA0E 2PS','Glasgow Royal Infirmary',698,'1960-08-03'),(100,'Rivera','Thomas','Flat 8, Oliver street, Sophieville, CB09 5DH','Royal Sussex County Hospital',699,'1974-01-09');
/*!40000 ALTER TABLE `doctors` ENABLE KEYS */;
UNLOCK TABLES;

--
-- Table structure for table `hospitals`
--

DROP TABLE IF EXISTS `hospitals`;
/*!40101 SET @saved_cs_client     = @@character_set_client */;
/*!50503 SET character_set_client = utf8mb4 */;
CREATE TABLE `hospitals` (
  `hospitalID` int NOT NULL DEFAULT '0',
  `hospital_name` varchar(255) NOT NULL,
  `address` text NOT NULL,
  `size_beds` int NOT NULL,
  `Type` enum('General','Teaching','Specialist','Children''s','Clinic') NOT NULL,
  `emergency_services` enum('Yes','No') NOT NULL,
  `year_of_accreditation` year NOT NULL,
  PRIMARY KEY (`hospital_name`)
) ENGINE=InnoDB DEFAULT CHARSET=utf8mb4 COLLATE=utf8mb4_0900_ai_ci;
/*!40101 SET character_set_client = @saved_cs_client */;

--
-- Dumping data for table `hospitals`
--

LOCK TABLES `hospitals` WRITE;
/*!40000 ALTER TABLE `hospitals` DISABLE KEYS */;
INSERT INTO `hospitals` VALUES (32,'Aberdeen Royal Infirmary','Foresterhill, Aberdeen AB25 2ZN',900,'General','Yes',2018),(5,'Addenbrooke\'s Hospital','Hills Rd, Cambridge CB2 0QQ',1000,'Teaching','Yes',2017),(4,'Birmingham City Hospital','Dudley Rd, Birmingham B18 7QH',580,'General','Yes',2013),(17,'Bristol Royal Infirmary','Upper Maudlin St, Bristol BS2 8HW',677,'General','No',2016),(13,'Charing Cross Hospital','Fulham Palace Rd, London W6 8RF',511,'Teaching','Yes',2017),(28,'Derriford Hospital','Derriford Rd, Plymouth PL6 8DH',1000,'General','Yes',2016),(22,'Freeman Hospital','Freeman Rd, Newcastle NE7 7DN',800,'Specialist','Yes',2013),(23,'Glasgow Royal Infirmary','Castle St, Glasgow G4 0SF',1000,'General','Yes',2018),(6,'Great Ormond Street Hospital','Great Ormond St, London WC1N 3JH',389,'Children\'s','No',2016),(12,'Guy\'s Hospital','Great Maze Pond, London SE1 9RT',400,'Specialist','No',2016),(16,'Hull Royal Infirmary','Anlaby Rd, Hull HU3 2JZ',650,'General','Yes',2018),(31,'James Cook University Hospital','Marton Rd, Middlesbrough TS4 3BW',1000,'Teaching','Yes',2019),(14,'John Radcliffe Hospital','Headley Way, Oxford OX3 9DU',950,'Teaching','Yes',2013),(15,'Kings College Hospital','Denmark Hill, London SE5 9RS',1200,'Teaching','No',2015),(11,'Leeds General Infirmary','Great George St, Leeds LS1 3EX',850,'General','Yes',2019),(2,'Manchester Royal Infirmary','Oxford Rd, Manchester M13 9WL',750,'Teaching','Yes',2016),(36,'Milton Keynes University Hosp','Standing Way, Milton Keynes MK6 5LD',500,'General','Yes',2019),(27,'Morriston Hospital','Heol Maes Eglwys, Swansea SA6 6NL',750,'General','No',2014),(19,'Ninewells Hospital','Dundee DD2 1SY',900,'Teaching','Yes',2017),(10,'Norfolk and Norwich Hospital','Colney Ln, Norwich NR4 7UY',1000,'General','No',2014),(38,'Princess Royal Hospital','Lewes Rd, Haywards Heath RH16 4EX',550,'General','No',2014),(9,'Queen Elizabeth Hospital','Mindelsohn Way, Birmingham B15 2GW',1200,'General','Yes',2017),(33,'Queen Elizabeth University Hosp','Govan Rd, Glasgow G51 4TF',1700,'Teaching','Yes',2017),(20,'Queen\'s Medical Centre','Derby Rd, Nottingham NG7 2UH',1300,'Teaching','Yes',2014),(29,'Royal Blackburn Hospital','Haslingden Rd, Blackburn BB2 3HH',700,'General','No',2015),(35,'Royal Derby Hospital','Uttoxeter Rd, Derby DE22 3NE',1200,'General','Yes',2015),(21,'Royal Free Hospital','Pond St, London NW3 2QG',500,'General','No',2016),(1,'Royal London Hospital','Whitechapel Rd, London E1 1BB',720,'General','Yes',2015),(24,'Royal Sussex County Hospital','Eastern Rd, Brighton BN2 5BE',600,'General','No',2019),(8,'Royal Victoria Infirmary','Queen Victoria Rd, Newcastle NE1 4LP',580,'General','Yes',2015),(37,'Southmead Hospital','Southmead Rd, Bristol BS10 5NB',1000,'General','Yes',2018),(25,'St. George\'s Hospital','Blackshaw Rd, London SW17 0QT',1300,'Teaching','Yes',2015),(3,'St. Thomas\' Hospital','Westminster Bridge Rd, London SE1 7EH',840,'General','No',2014),(30,'Stoke Mandeville Hospital','Mandeville Rd, Aylesbury HP21 8AL',550,'Specialist','Yes',2013),(7,'University Hospital Southampton','Tremona Rd, Southampton SO16 6YD',1100,'Teaching','Yes',2018),(18,'Western General Hospital','Crewe Rd S, Edinburgh EH4 2XU',600,'General','Yes',2019),(26,'Wythenshawe Hospital','Southmoor Rd, Manchester M23 9LT',900,'Teaching','Yes',2017),(34,'York Hospital','Wigginton Rd, York YO31 8HE',700,'General','No',2016);
/*!40000 ALTER TABLE `hospitals` ENABLE KEYS */;
UNLOCK TABLES;

--
-- Table structure for table `labtests`
--

DROP TABLE IF EXISTS `labtests`;
/*!40101 SET @saved_cs_client     = @@character_set_client */;
/*!50503 SET character_set_client = utf8mb4 */;
CREATE TABLE `labtests` (
  `test_id` int NOT NULL,
  `nhs_number` bigint NOT NULL,
  `doctor_id` int DEFAULT NULL,
  `hospital_name` varchar(255) NOT NULL,
  `test_date` datetime NOT NULL,
  `test_result` text,
  PRIMARY KEY (`test_id`),
  KEY `nhs_number` (`nhs_number`),
  KEY `doctor_id` (`doctor_id`),
  KEY `hospital_name` (`hospital_name`),
  CONSTRAINT `labtests_ibfk_1` FOREIGN KEY (`nhs_number`) REFERENCES `Patients` (`nhs_number`),
  CONSTRAINT `labtests_ibfk_2` FOREIGN KEY (`doctor_id`) REFERENCES `doctors` (`doctor_id`),
  CONSTRAINT `labtests_ibfk_3` FOREIGN KEY (`hospital_name`) REFERENCES `hospitals` (`hospital_name`)
) ENGINE=InnoDB DEFAULT CHARSET=utf8mb4 COLLATE=utf8mb4_0900_ai_ci;
/*!40101 SET character_set_client = @saved_cs_client */;

--
-- Dumping data for table `labtests`
--

LOCK TABLES `labtests` WRITE;
/*!40000 ALTER TABLE `labtests` DISABLE KEYS */;
INSERT INTO `labtests` VALUES (101,7839234836,89,'Royal London Hospital','2023-08-03 00:00:00','Positive'),(102,6781300242,8,'Manchester Royal Infirmary','2023-07-07 00:00:00','Negative'),(103,4985392519,42,'St. Thomas\' Hospital','2023-02-08 00:00:00','Positive'),(104,6628136518,4,'Birmingham City Hospital','2024-11-15 00:00:00','Negative'),(105,2405278433,10,'Addenbrooke\'s Hospital','2023-07-04 00:00:00','Positive'),(106,3465904517,56,'Great Ormond Street Hospital','2023-08-31 00:00:00','Negative'),(107,5811874138,87,'University Hospital Southampton','2024-03-28 00:00:00','Positive'),(108,5645230630,48,'Royal Victoria Infirmary','2023-04-29 00:00:00','Negative'),(109,2754926004,31,'Queen Elizabeth Hospital','2023-12-05 00:00:00','Positive'),(110,9527654642,23,'Norfolk and Norwich Hospital','2024-05-02 00:00:00','Negative'),(111,9505191105,48,'Leeds General Infirmary','2023-07-09 00:00:00','Positive'),(112,4211105460,4,'Guy\'s Hospital','2023-08-01 00:00:00','Negative'),(113,7435591594,82,'Charing Cross Hospital','2023-01-12 00:00:00','Positive'),(114,8807994515,22,'John Radcliffe Hospital','2023-05-07 00:00:00','Negative'),(116,5085037806,13,'Hull Royal Infirmary','2023-05-25 00:00:00','Negative'),(117,8541615192,34,'Bristol Royal Infirmary','2023-06-09 00:00:00','Positive'),(118,8289172851,51,'Western General Hospital','2023-01-27 00:00:00','Negative'),(119,9871716006,55,'Ninewells Hospital','2024-07-09 00:00:00','Positive'),(120,5681434377,34,'Queen\'s Medical Centre','2023-06-07 00:00:00','Negative'),(121,6400034890,26,'Royal Free Hospital','2023-01-31 00:00:00','Positive'),(122,9420369543,19,'Freeman Hospital','2024-10-03 00:00:00','Negative'),(123,3920053289,86,'Glasgow Royal Infirmary','2024-12-30 00:00:00','Positive'),(124,4417012135,94,'Royal Sussex County Hospital','2023-02-22 00:00:00','Negative'),(125,7620793884,93,'St. George\'s Hospital','2024-03-17 00:00:00','Positive'),(126,6320919108,63,'Wythenshawe Hospital','2024-03-24 00:00:00','Negative'),(127,5782237508,44,'Morriston Hospital','2023-08-19 00:00:00','Positive'),(128,8877970690,42,'Derriford Hospital','2024-07-31 00:00:00','Negative'),(129,1910099330,2,'Royal Blackburn Hospital','2024-01-30 00:00:00','Positive'),(130,1398908798,63,'Stoke Mandeville Hospital','2023-03-23 00:00:00','Negative'),(131,1966742098,96,'James Cook University Hospital','2023-08-22 00:00:00','Positive'),(132,3514695716,76,'Aberdeen Royal Infirmary','2024-07-19 00:00:00','Negative'),(133,1753525437,37,'Queen Elizabeth University Hosp','2023-12-31 00:00:00','Positive'),(134,1709355320,3,'York Hospital','2024-11-08 00:00:00','Negative'),(135,3550276049,10,'Royal Derby Hospital','2024-12-22 00:00:00','Positive'),(136,5518352966,53,'Milton Keynes University Hosp','2023-10-20 00:00:00','Negative'),(137,1059121755,39,'Southmead Hospital','2024-01-05 00:00:00','Positive'),(138,2596390229,85,'Princess Royal Hospital','2024-11-20 00:00:00','Negative'),(139,5561239831,35,'Royal London Hospital','2024-05-27 00:00:00','Positive'),(140,4018242828,46,'Manchester Royal Infirmary','2023-06-09 00:00:00','Negative'),(141,9889622636,20,'St. Thomas\' Hospital','2023-05-18 00:00:00','Positive'),(142,8222354209,72,'Birmingham City Hospital','2023-05-16 00:00:00','Negative'),(143,3692017460,52,'Addenbrooke\'s Hospital','2024-11-13 00:00:00','Positive'),(144,8377505700,78,'Great Ormond Street Hospital','2023-05-08 00:00:00','Negative'),(145,6980717717,84,'University Hospital Southampton','2024-09-09 00:00:00','Positive'),(146,3661044532,99,'Royal Victoria Infirmary','2023-06-23 00:00:00','Negative'),(147,5240425028,18,'Queen Elizabeth Hospital','2024-02-04 00:00:00','Positive'),(148,4589566458,57,'Norfolk and Norwich Hospital','2023-06-30 00:00:00','Negative'),(149,1188288290,13,'Leeds General Infirmary','2024-08-27 00:00:00','Positive'),(150,1566214037,26,'Guy\'s Hospital','2024-02-13 00:00:00','Negative'),(151,1925841771,54,'Charing Cross Hospital','2024-05-09 00:00:00','Positive'),(152,6846543879,5,'John Radcliffe Hospital','2023-04-17 00:00:00','Negative'),(154,4741115164,93,'Hull Royal Infirmary','2023-10-08 00:00:00','Negative'),(155,3700305921,48,'Bristol Royal Infirmary','2024-06-12 00:00:00','Positive'),(156,5964504024,23,'Western General Hospital','2024-08-11 00:00:00','Negative'),(157,4638907728,99,'Ninewells Hospital','2024-04-07 00:00:00','Positive'),(158,4834867340,96,'Queen\'s Medical Centre','2023-03-23 00:00:00','Negative'),(159,7824028019,2,'Royal Free Hospital','2024-10-08 00:00:00','Positive'),(160,9372939169,98,'Freeman Hospital','2023-09-27 00:00:00','Negative'),(161,9614845577,99,'Glasgow Royal Infirmary','2024-12-07 00:00:00','Positive'),(162,5684314921,50,'Royal Sussex County Hospital','2023-04-13 00:00:00','Negative'),(163,4545631206,87,'St. George\'s Hospital','2023-07-01 00:00:00','Positive'),(164,5187023287,63,'Wythenshawe Hospital','2024-01-20 00:00:00','Negative'),(165,9346987109,36,'Morriston Hospital','2024-08-22 00:00:00','Positive'),(166,6695637299,30,'Derriford Hospital','2024-12-30 00:00:00','Negative'),(167,1683877054,84,'Royal Blackburn Hospital','2024-10-11 00:00:00','Positive'),(168,1043672092,16,'Stoke Mandeville Hospital','2023-03-29 00:00:00','Negative'),(169,1372620458,79,'James Cook University Hospital','2023-09-03 00:00:00','Positive'),(170,6944459151,32,'Aberdeen Royal Infirmary','2024-04-29 00:00:00','Negative'),(171,6238127006,51,'Queen Elizabeth University Hosp','2024-05-30 00:00:00','Positive'),(172,9365842390,92,'York Hospital','2023-09-18 00:00:00','Negative'),(173,8525593426,35,'Royal Derby Hospital','2024-09-10 00:00:00','Positive'),(174,1744582863,31,'Milton Keynes University Hosp','2024-08-22 00:00:00','Negative'),(175,1408553209,37,'Southmead Hospital','2024-02-21 00:00:00','Positive'),(176,3067291478,30,'Princess Royal Hospital','2024-05-15 00:00:00','Negative'),(177,4629062256,75,'Royal London Hospital','2023-08-28 00:00:00','Positive'),(178,2098288135,59,'Manchester Royal Infirmary','2024-09-25 00:00:00','Negative'),(179,4299333092,48,'St. Thomas\' Hospital','2023-02-02 00:00:00','Positive'),(180,7296338951,1,'Birmingham City Hospital','2023-08-16 00:00:00','Negative'),(181,9549303743,67,'Addenbrooke\'s Hospital','2023-07-15 00:00:00','Positive'),(182,2249147400,83,'Great Ormond Street Hospital','2024-05-10 00:00:00','Negative'),(183,6932305732,34,'University Hospital Southampton','2023-04-07 00:00:00','Positive'),(184,4515862088,38,'Royal Victoria Infirmary','2024-05-22 00:00:00','Negative'),(185,4028539201,20,'Queen Elizabeth Hospital','2024-07-18 00:00:00','Positive'),(186,2918675506,37,'Norfolk and Norwich Hospital','2024-02-04 00:00:00','Negative'),(187,3431466075,65,'Leeds General Infirmary','2023-12-26 00:00:00','Positive'),(188,6320544868,80,'Guy\'s Hospital','2024-09-27 00:00:00','Negative'),(189,9339301188,69,'Charing Cross Hospital','2023-05-03 00:00:00','Positive'),(190,7649884752,2,'John Radcliffe Hospital','2023-09-29 00:00:00','Negative'),(192,5619625894,87,'Hull Royal Infirmary','2023-12-02 00:00:00','Negative'),(193,6472589890,61,'Bristol Royal Infirmary','2023-01-16 00:00:00','Positive'),(194,6283152812,23,'Western General Hospital','2024-02-19 00:00:00','Negative'),(195,3651175436,3,'Ninewells Hospital','2024-06-05 00:00:00','Positive'),(196,8872610580,15,'Queen\'s Medical Centre','2024-02-29 00:00:00','Negative'),(197,9211288960,32,'Royal Free Hospital','2024-09-17 00:00:00','Positive'),(198,9595721555,63,'Freeman Hospital','2023-03-12 00:00:00','Negative'),(199,3797517764,7,'Glasgow Royal Infirmary','2024-08-29 00:00:00','Positive'),(200,3656711033,33,'Royal Sussex County Hospital','2024-06-15 00:00:00','Negative'),(201,8511939464,55,'St. George\'s Hospital','2024-03-31 00:00:00','Positive'),(202,5301395227,1,'Wythenshawe Hospital','2023-08-09 00:00:00','Negative'),(203,7017356097,51,'Morriston Hospital','2023-12-10 00:00:00','Positive'),(204,3977246721,68,'Derriford Hospital','2024-08-25 00:00:00','Negative'),(205,8970303709,48,'Royal Blackburn Hospital','2025-01-07 00:00:00','Positive'),(206,8399795638,97,'Stoke Mandeville Hospital','2024-08-07 00:00:00','Negative'),(207,5405125803,22,'James Cook University Hospital','2024-06-18 00:00:00','Positive'),(208,2295705897,11,'Aberdeen Royal Infirmary','2023-04-06 00:00:00','Negative'),(209,2600706975,68,'Queen Elizabeth University Hosp','2024-01-07 00:00:00','Positive'),(210,7385525281,17,'York Hospital','2024-03-29 00:00:00','Negative'),(211,1953762321,61,'Royal Derby Hospital','2024-04-10 00:00:00','Positive'),(212,7277505084,25,'Milton Keynes University Hosp','2023-09-13 00:00:00','Negative'),(213,1182357078,45,'Southmead Hospital','2024-12-23 00:00:00','Positive'),(214,1576013632,44,'Princess Royal Hospital','2024-06-12 00:00:00','Negative'),(215,4983031724,50,'Royal London Hospital','2023-11-15 00:00:00','Positive'),(216,9743766580,3,'Manchester Royal Infirmary','2023-08-06 00:00:00','Negative'),(217,8539007099,76,'St. Thomas\' Hospital','2023-10-26 00:00:00','Positive'),(218,7453398120,38,'Birmingham City Hospital','2023-02-04 00:00:00','Negative'),(219,6180520878,69,'Addenbrooke\'s Hospital','2024-02-14 00:00:00','Positive'),(220,9945923427,52,'Great Ormond Street Hospital','2023-11-30 00:00:00','Negative'),(221,8426777939,74,'University Hospital Southampton','2023-10-05 00:00:00','Positive'),(222,1248667449,1,'Royal Victoria Infirmary','2024-05-12 00:00:00','Negative'),(223,8457254734,92,'Queen Elizabeth Hospital','2023-05-05 00:00:00','Positive'),(224,6856460478,97,'Norfolk and Norwich Hospital','2025-01-02 00:00:00','Negative'),(225,6933907239,72,'Leeds General Infirmary','2023-10-26 00:00:00','Positive'),(226,9903417028,40,'Guy\'s Hospital','2024-06-13 00:00:00','Negative'),(227,7862337334,84,'Charing Cross Hospital','2024-06-11 00:00:00','Positive'),(228,2566080914,80,'John Radcliffe Hospital','2024-01-30 00:00:00','Negative'),(230,6570393913,62,'Hull Royal Infirmary','2024-07-30 00:00:00','Negative'),(231,6950082197,94,'Bristol Royal Infirmary','2024-02-19 00:00:00','Positive'),(232,9430218711,15,'Western General Hospital','2023-10-05 00:00:00','Negative'),(233,5920186348,80,'Ninewells Hospital','2024-07-15 00:00:00','Positive'),(234,2715791402,93,'Queen\'s Medical Centre','2024-02-15 00:00:00','Negative'),(235,4402710693,14,'Royal Free Hospital','2024-02-23 00:00:00','Positive'),(236,4123114580,51,'Freeman Hospital','2023-11-07 00:00:00','Negative'),(237,9977122206,87,'Glasgow Royal Infirmary','2024-10-17 00:00:00','Positive'),(238,2707211125,20,'Royal Sussex County Hospital','2024-07-16 00:00:00','Negative'),(239,8375929346,82,'St. George\'s Hospital','2023-12-20 00:00:00','Positive'),(240,8993497339,63,'Wythenshawe Hospital','2023-05-22 00:00:00','Negative'),(241,8412041882,8,'Morriston Hospital','2024-05-21 00:00:00','Positive'),(242,9457927119,42,'Derriford Hospital','2025-01-01 00:00:00','Negative'),(243,9663078903,5,'Royal Blackburn Hospital','2023-03-01 00:00:00','Positive'),(244,8035643246,30,'Stoke Mandeville Hospital','2023-10-06 00:00:00','Negative'),(245,9332926088,42,'James Cook University Hospital','2024-07-30 00:00:00','Positive'),(246,8520279482,38,'Aberdeen Royal Infirmary','2024-05-31 00:00:00','Negative'),(247,1481358879,78,'Queen Elizabeth University Hosp','2024-02-09 00:00:00','Positive'),(248,1736407918,45,'York Hospital','2024-02-27 00:00:00','Negative'),(249,2184378629,71,'Royal Derby Hospital','2024-08-27 00:00:00','Positive'),(250,6450968950,4,'Milton Keynes University Hosp','2024-11-10 00:00:00','Negative'),(251,2345885056,71,'Southmead Hospital','2023-08-18 00:00:00','Positive'),(252,5053989070,27,'Princess Royal Hospital','2023-09-21 00:00:00','Negative'),(253,3930964198,32,'Royal London Hospital','2023-09-27 00:00:00','Positive'),(254,7625563786,6,'Manchester Royal Infirmary','2025-01-03 00:00:00','Negative'),(255,9741899748,69,'St. Thomas\' Hospital','2023-09-20 00:00:00','Positive'),(256,1371072812,60,'Birmingham City Hospital','2023-12-19 00:00:00','Negative'),(257,8973955708,94,'Addenbrooke\'s Hospital','2023-01-17 00:00:00','Positive'),(258,7960787749,46,'Great Ormond Street Hospital','2023-11-28 00:00:00','Negative'),(259,8599286443,75,'University Hospital Southampton','2023-10-05 00:00:00','Positive'),(260,3198444843,20,'Royal Victoria Infirmary','2024-09-28 00:00:00','Negative'),(261,9229948897,12,'Queen Elizabeth Hospital','2023-03-22 00:00:00','Positive'),(262,2971412801,15,'Norfolk and Norwich Hospital','2024-01-04 00:00:00','Negative'),(263,2328490799,57,'Leeds General Infirmary','2024-10-18 00:00:00','Positive'),(264,6798527463,24,'Guy\'s Hospital','2024-12-23 00:00:00','Negative'),(265,3055365147,89,'Charing Cross Hospital','2024-12-30 00:00:00','Positive'),(266,6379346836,10,'John Radcliffe Hospital','2023-04-18 00:00:00','Negative'),(268,9808379634,96,'Hull Royal Infirmary','2024-11-29 00:00:00','Negative'),(269,8982384920,50,'Bristol Royal Infirmary','2024-08-24 00:00:00','Positive'),(270,7609122446,58,'Western General Hospital','2023-08-20 00:00:00','Negative'),(271,3936489657,17,'Ninewells Hospital','2023-04-08 00:00:00','Positive'),(272,6770683643,77,'Queen\'s Medical Centre','2023-09-12 00:00:00','Negative'),(273,4059287171,35,'Royal Free Hospital','2023-11-15 00:00:00','Positive'),(274,7517685806,37,'Freeman Hospital','2023-09-26 00:00:00','Negative'),(275,2842736194,79,'Glasgow Royal Infirmary','2024-01-08 00:00:00','Positive'),(276,5195484101,83,'Royal Sussex County Hospital','2023-05-15 00:00:00','Negative'),(277,2780723965,91,'St. George\'s Hospital','2024-12-01 00:00:00','Positive'),(278,3639282917,60,'Wythenshawe Hospital','2023-04-19 00:00:00','Negative'),(279,9372501538,46,'Morriston Hospital','2023-04-17 00:00:00','Positive'),(280,7617817396,74,'Derriford Hospital','2023-11-26 00:00:00','Negative'),(281,9254579415,37,'Royal Blackburn Hospital','2023-07-18 00:00:00','Positive'),(282,2718689504,13,'Stoke Mandeville Hospital','2024-09-25 00:00:00','Negative'),(283,5130432792,31,'James Cook University Hospital','2023-02-23 00:00:00','Positive'),(284,5005163453,39,'Aberdeen Royal Infirmary','2023-04-14 00:00:00','Negative'),(285,5693928888,42,'Queen Elizabeth University Hosp','2023-02-21 00:00:00','Positive'),(286,8740827378,48,'York Hospital','2023-07-24 00:00:00','Negative'),(287,5458501987,5,'Royal Derby Hospital','2023-11-19 00:00:00','Positive'),(288,6518929210,32,'Milton Keynes University Hosp','2024-11-24 00:00:00','Negative'),(289,6455779737,18,'Southmead Hospital','2023-12-16 00:00:00','Positive'),(290,9108144771,95,'Princess Royal Hospital','2023-05-19 00:00:00','Negative'),(291,4119617000,83,'Royal London Hospital','2023-07-21 00:00:00','Positive'),(292,6498628815,31,'Manchester Royal Infirmary','2023-08-23 00:00:00','Negative'),(293,1464758851,50,'St. Thomas\' Hospital','2023-03-19 00:00:00','Positive'),(294,9280950796,42,'Birmingham City Hospital','2023-12-06 00:00:00','Negative'),(295,2711146398,37,'Addenbrooke\'s Hospital','2024-02-22 00:00:00','Positive'),(296,8576233573,1,'Great Ormond Street Hospital','2024-03-06 00:00:00','Negative'),(297,1450850556,58,'University Hospital Southampton','2023-01-12 00:00:00','Positive'),(298,7871881598,61,'Royal Victoria Infirmary','2024-01-07 00:00:00','Negative'),(299,9932673391,28,'Queen Elizabeth Hospital','2024-09-04 00:00:00','Positive'),(300,1008126622,2,'Norfolk and Norwich Hospital','2023-03-01 00:00:00','Negative'),(301,9541434093,60,'Leeds General Infirmary','2023-04-04 00:00:00','Positive'),(302,5372116802,55,'Guy\'s Hospital','2023-03-18 00:00:00','Negative'),(303,8425271795,10,'Charing Cross Hospital','2024-12-21 00:00:00','Positive'),(304,9430086431,23,'John Radcliffe Hospital','2023-01-22 00:00:00','Negative'),(306,3450383401,58,'Hull Royal Infirmary','2023-10-29 00:00:00','Negative'),(307,6111900443,49,'Bristol Royal Infirmary','2024-12-26 00:00:00','Positive'),(308,1298696848,12,'Western General Hospital','2024-05-07 00:00:00','Negative'),(309,6681256439,44,'Ninewells Hospital','2024-03-12 00:00:00','Positive'),(310,4333496738,9,'Queen\'s Medical Centre','2023-04-02 00:00:00','Negative'),(311,8142589851,7,'Royal Free Hospital','2023-09-19 00:00:00','Positive'),(312,9768771962,53,'Freeman Hospital','2024-02-21 00:00:00','Negative'),(313,2387688880,28,'Glasgow Royal Infirmary','2023-07-01 00:00:00','Positive'),(314,5921984634,68,'Royal Sussex County Hospital','2024-03-19 00:00:00','Negative'),(315,1738818567,93,'St. George\'s Hospital','2024-02-04 00:00:00','Positive'),(316,7809782318,14,'Wythenshawe Hospital','2023-12-05 00:00:00','Negative'),(317,6841548083,71,'Morriston Hospital','2024-02-15 00:00:00','Positive'),(318,4663895606,33,'Derriford Hospital','2023-06-20 00:00:00','Negative'),(319,1598861512,12,'Royal Blackburn Hospital','2024-09-18 00:00:00','Positive'),(320,8857014670,43,'Stoke Mandeville Hospital','2023-03-23 00:00:00','Negative'),(321,8904679660,77,'James Cook University Hospital','2024-02-18 00:00:00','Positive'),(322,1832102648,31,'Aberdeen Royal Infirmary','2024-04-25 00:00:00','Negative'),(323,1256602709,15,'Queen Elizabeth University Hosp','2024-07-26 00:00:00','Positive'),(324,4956100226,87,'York Hospital','2024-09-16 00:00:00','Negative'),(325,8848822255,9,'Royal Derby Hospital','2024-10-10 00:00:00','Positive'),(326,2074540177,27,'Milton Keynes University Hosp','2023-06-08 00:00:00','Negative'),(327,7192165552,43,'Southmead Hospital','2023-12-15 00:00:00','Positive'),(328,2565756212,87,'Princess Royal Hospital','2024-01-15 00:00:00','Negative'),(329,9696517401,16,'Royal London Hospital','2023-01-27 00:00:00','Positive'),(330,1854316223,28,'Manchester Royal Infirmary','2023-07-28 00:00:00','Negative'),(331,2773797998,64,'St. Thomas\' Hospital','2024-06-27 00:00:00','Positive'),(332,9669565327,68,'Birmingham City Hospital','2024-02-08 00:00:00','Negative'),(333,8708473514,17,'Addenbrooke\'s Hospital','2023-07-05 00:00:00','Positive'),(334,4290436159,2,'Great Ormond Street Hospital','2023-02-20 00:00:00','Negative'),(335,7019450328,45,'University Hospital Southampton','2024-05-06 00:00:00','Positive'),(336,7647293154,14,'Royal Victoria Infirmary','2023-06-06 00:00:00','Negative'),(337,7628319970,57,'Queen Elizabeth Hospital','2023-03-01 00:00:00','Positive'),(338,3232191128,82,'Norfolk and Norwich Hospital','2023-04-24 00:00:00','Negative'),(339,9990301899,14,'Leeds General Infirmary','2023-10-03 00:00:00','Positive'),(340,6014341758,5,'Guy\'s Hospital','2024-03-03 00:00:00','Negative'),(341,6349678009,4,'Charing Cross Hospital','2023-02-22 00:00:00','Positive'),(342,4463849708,10,'John Radcliffe Hospital','2024-11-26 00:00:00','Negative'),(344,6104124102,2,'Hull Royal Infirmary','2024-04-26 00:00:00','Negative'),(345,5242413558,66,'Bristol Royal Infirmary','2023-11-30 00:00:00','Positive'),(346,3879446813,49,'Western General Hospital','2023-06-01 00:00:00','Negative'),(347,9402551995,71,'Ninewells Hospital','2024-09-12 00:00:00','Positive'),(348,3676338118,60,'Queen\'s Medical Centre','2023-06-29 00:00:00','Negative'),(349,2401861447,96,'Royal Free Hospital','2023-05-25 00:00:00','Positive'),(350,6935981137,66,'Freeman Hospital','2024-01-07 00:00:00','Negative'),(351,1507929743,19,'Glasgow Royal Infirmary','2023-01-20 00:00:00','Positive'),(352,9084226812,92,'Royal Sussex County Hospital','2024-10-01 00:00:00','Negative'),(353,8792218908,17,'St. George\'s Hospital','2024-06-21 00:00:00','Positive'),(354,1285141862,67,'Wythenshawe Hospital','2024-03-26 00:00:00','Negative'),(355,8360859733,13,'Morriston Hospital','2023-06-10 00:00:00','Positive'),(356,8886109156,17,'Derriford Hospital','2023-05-03 00:00:00','Negative'),(357,6485426122,91,'Royal Blackburn Hospital','2024-09-02 00:00:00','Positive'),(358,4060102679,90,'Stoke Mandeville Hospital','2023-05-29 00:00:00','Negative'),(359,8976172378,89,'James Cook University Hospital','2024-12-16 00:00:00','Positive'),(360,1881674472,30,'Aberdeen Royal Infirmary','2024-08-21 00:00:00','Negative'),(361,8631672594,46,'Queen Elizabeth University Hosp','2024-11-14 00:00:00','Positive'),(362,2754909163,39,'York Hospital','2023-10-05 00:00:00','Negative'),(363,7695042500,90,'Royal Derby Hospital','2023-09-04 00:00:00','Positive'),(364,9850294370,62,'Milton Keynes University Hosp','2023-02-20 00:00:00','Negative'),(365,2484418989,55,'Southmead Hospital','2024-08-04 00:00:00','Positive'),(366,8282995550,79,'Princess Royal Hospital','2024-09-04 00:00:00','Negative'),(367,4985658472,18,'Royal London Hospital','2023-08-25 00:00:00','Positive'),(368,4657054869,72,'Manchester Royal Infirmary','2023-07-03 00:00:00','Negative'),(369,6908404377,67,'St. Thomas\' Hospital','2024-09-03 00:00:00','Positive'),(370,1777957780,64,'Birmingham City Hospital','2024-10-18 00:00:00','Negative'),(371,3762149735,91,'Addenbrooke\'s Hospital','2024-06-01 00:00:00','Positive'),(372,7405890455,35,'Great Ormond Street Hospital','2024-01-09 00:00:00','Negative'),(373,9683283092,10,'University Hospital Southampton','2023-05-06 00:00:00','Positive'),(374,4118875605,67,'Royal Victoria Infirmary','2024-01-15 00:00:00','Negative'),(375,6784750365,96,'Queen Elizabeth Hospital','2023-12-12 00:00:00','Positive'),(376,8884899568,39,'Norfolk and Norwich Hospital','2023-09-11 00:00:00','Negative'),(377,6199168561,39,'Leeds General Infirmary','2024-12-29 00:00:00','Positive'),(378,7662990921,94,'Guy\'s Hospital','2023-07-21 00:00:00','Negative'),(379,5424117590,32,'Charing Cross Hospital','2024-09-20 00:00:00','Positive'),(380,8310896663,52,'John Radcliffe Hospital','2023-04-19 00:00:00','Negative'),(382,7579317895,23,'Hull Royal Infirmary','2024-12-22 00:00:00','Negative'),(383,2273638739,77,'Bristol Royal Infirmary','2024-12-11 00:00:00','Positive'),(384,9217987760,9,'Western General Hospital','2024-09-21 00:00:00','Negative'),(385,3145791185,90,'Ninewells Hospital','2024-04-30 00:00:00','Positive'),(386,6308951260,16,'Queen\'s Medical Centre','2024-11-23 00:00:00','Negative'),(387,2611353822,57,'Royal Free Hospital','2023-05-28 00:00:00','Positive'),(388,5737334683,16,'Freeman Hospital','2023-02-15 00:00:00','Negative'),(389,7915754979,58,'Glasgow Royal Infirmary','2024-05-30 00:00:00','Positive'),(390,1300877091,78,'Royal Sussex County Hospital','2023-12-26 00:00:00','Negative'),(391,6781544196,69,'St. George\'s Hospital','2024-07-13 00:00:00','Positive'),(392,3251084242,41,'Wythenshawe Hospital','2023-07-17 00:00:00','Negative'),(393,9098590828,93,'Morriston Hospital','2023-01-24 00:00:00','Positive'),(394,8806550197,94,'Derriford Hospital','2024-03-28 00:00:00','Negative'),(395,1395306898,18,'Royal Blackburn Hospital','2024-12-29 00:00:00','Positive'),(396,4726432594,2,'Stoke Mandeville Hospital','2024-03-13 00:00:00','Negative'),(397,3921662641,44,'James Cook University Hospital','2024-01-24 00:00:00','Positive'),(398,1269387088,79,'Aberdeen Royal Infirmary','2024-05-16 00:00:00','Negative'),(399,1280214306,87,'Queen Elizabeth University Hosp','2023-10-25 00:00:00','Positive'),(400,5504884818,22,'York Hospital','2023-01-13 00:00:00','Negative'),(401,4720688902,59,'Royal Derby Hospital','2024-05-01 00:00:00','Positive'),(402,9329131354,23,'Milton Keynes University Hosp','2023-09-22 00:00:00','Negative'),(403,1347127385,68,'Southmead Hospital','2023-07-02 00:00:00','Positive'),(404,8101534147,14,'Princess Royal Hospital','2024-05-01 00:00:00','Negative'),(405,9283701165,30,'Royal London Hospital','2024-06-19 00:00:00','Positive'),(406,2561917609,40,'Manchester Royal Infirmary','2023-09-27 00:00:00','Negative'),(407,6390498161,16,'St. Thomas\' Hospital','2024-05-25 00:00:00','Positive'),(408,6702658741,20,'Birmingham City Hospital','2024-11-02 00:00:00','Negative'),(409,5048687803,42,'Addenbrooke\'s Hospital','2024-10-04 00:00:00','Positive'),(410,6149672287,23,'Great Ormond Street Hospital','2024-11-20 00:00:00','Negative'),(411,4313816775,4,'University Hospital Southampton','2024-06-11 00:00:00','Positive'),(412,9812775288,90,'Royal Victoria Infirmary','2023-07-06 00:00:00','Negative'),(413,1968521096,58,'Queen Elizabeth Hospital','2024-09-05 00:00:00','Positive'),(414,2582286502,97,'Norfolk and Norwich Hospital','2024-11-30 00:00:00','Negative'),(415,2858281270,52,'Leeds General Infirmary','2024-03-10 00:00:00','Positive'),(416,5042456299,7,'Guy\'s Hospital','2024-07-21 00:00:00','Negative'),(417,3987937082,19,'Charing Cross Hospital','2023-10-26 00:00:00','Positive'),(418,7602053048,49,'John Radcliffe Hospital','2023-01-15 00:00:00','Negative'),(420,5436877135,5,'Hull Royal Infirmary','2024-05-11 00:00:00','Negative'),(421,4531405156,7,'Bristol Royal Infirmary','2023-05-21 00:00:00','Positive'),(422,5276889853,75,'Western General Hospital','2024-07-23 00:00:00','Negative'),(423,8906877104,80,'Ninewells Hospital','2023-06-13 00:00:00','Positive'),(424,6984556247,1,'Queen\'s Medical Centre','2023-09-18 00:00:00','Negative'),(425,7603203153,31,'Royal Free Hospital','2024-02-25 00:00:00','Positive'),(426,1115112666,38,'Freeman Hospital','2024-06-17 00:00:00','Negative'),(427,9066701787,88,'Glasgow Royal Infirmary','2025-01-03 00:00:00','Positive'),(428,6872229043,96,'Royal Sussex County Hospital','2024-04-10 00:00:00','Negative'),(429,7322491228,29,'St. George\'s Hospital','2023-06-13 00:00:00','Positive'),(430,3010700984,97,'Wythenshawe Hospital','2024-09-22 00:00:00','Negative'),(431,2239558229,34,'Morriston Hospital','2024-01-19 00:00:00','Positive'),(432,8284670854,78,'Derriford Hospital','2023-09-25 00:00:00','Negative'),(433,8321068554,14,'Royal Blackburn Hospital','2024-06-23 00:00:00','Positive'),(434,2156028585,12,'Stoke Mandeville Hospital','2024-02-08 00:00:00','Negative'),(435,3840066025,53,'James Cook University Hospital','2023-09-26 00:00:00','Positive'),(436,5841116468,96,'Aberdeen Royal Infirmary','2023-11-28 00:00:00','Negative'),(437,6867144474,92,'Queen Elizabeth University Hosp','2024-09-14 00:00:00','Positive'),(438,1438570863,63,'York Hospital','2023-07-14 00:00:00','Negative'),(439,2457352278,26,'Royal Derby Hospital','2023-08-05 00:00:00','Positive'),(440,1066417490,97,'Milton Keynes University Hosp','2024-07-30 00:00:00','Negative'),(441,6681669757,36,'Southmead Hospital','2024-08-13 00:00:00','Positive'),(442,5960926699,41,'Princess Royal Hospital','2024-06-02 00:00:00','Negative'),(443,7716587302,31,'Royal London Hospital','2023-11-28 00:00:00','Positive'),(444,6531652723,55,'Manchester Royal Infirmary','2023-12-20 00:00:00','Negative'),(445,1970059787,8,'St. Thomas\' Hospital','2024-09-18 00:00:00','Positive'),(446,9171748488,27,'Birmingham City Hospital','2024-12-23 00:00:00','Negative'),(447,6118591516,62,'Addenbrooke\'s Hospital','2024-01-11 00:00:00','Positive'),(448,8957616841,15,'Great Ormond Street Hospital','2023-04-09 00:00:00','Negative'),(449,5640364495,75,'University Hospital Southampton','2024-09-24 00:00:00','Positive'),(450,9154131262,83,'Royal Victoria Infirmary','2024-10-01 00:00:00','Negative'),(451,6059937794,72,'Queen Elizabeth Hospital','2024-10-27 00:00:00','Positive'),(452,3011530705,70,'Norfolk and Norwich Hospital','2024-12-05 00:00:00','Negative'),(453,5209389425,60,'Leeds General Infirmary','2024-06-17 00:00:00','Positive'),(454,1310841406,85,'Guy\'s Hospital','2023-02-28 00:00:00','Negative'),(455,9635990241,28,'Charing Cross Hospital','2023-06-15 00:00:00','Positive'),(456,4184043461,38,'John Radcliffe Hospital','2024-08-24 00:00:00','Negative'),(458,2651899474,18,'Hull Royal Infirmary','2023-11-30 00:00:00','Negative'),(459,3693476729,9,'Bristol Royal Infirmary','2024-02-11 00:00:00','Positive'),(460,5800953809,95,'Western General Hospital','2023-06-26 00:00:00','Negative'),(461,8213155961,87,'Ninewells Hospital','2023-12-27 00:00:00','Positive'),(462,4707848516,2,'Queen\'s Medical Centre','2023-05-30 00:00:00','Negative'),(463,1946497124,29,'Royal Free Hospital','2023-04-23 00:00:00','Positive'),(464,4776326404,78,'Freeman Hospital','2023-12-29 00:00:00','Negative'),(465,7948989521,66,'Glasgow Royal Infirmary','2024-07-05 00:00:00','Positive'),(466,4517573503,41,'Royal Sussex County Hospital','2023-06-06 00:00:00','Negative'),(467,8117782244,47,'St. George\'s Hospital','2023-07-01 00:00:00','Positive'),(468,9177477882,35,'Wythenshawe Hospital','2024-05-19 00:00:00','Negative'),(469,3994977498,6,'Morriston Hospital','2024-09-10 00:00:00','Positive'),(470,7102542558,21,'Derriford Hospital','2023-09-17 00:00:00','Negative'),(471,5691480991,22,'Royal Blackburn Hospital','2024-03-13 00:00:00','Positive'),(472,1971402941,22,'Stoke Mandeville Hospital','2023-11-06 00:00:00','Negative'),(473,3510427357,23,'James Cook University Hospital','2024-06-13 00:00:00','Positive'),(474,4730067289,11,'Aberdeen Royal Infirmary','2023-04-01 00:00:00','Negative'),(475,9251253426,64,'Queen Elizabeth University Hosp','2024-01-11 00:00:00','Positive'),(476,8695995452,94,'York Hospital','2023-05-20 00:00:00','Negative'),(477,9777727839,31,'Royal Derby Hospital','2024-12-07 00:00:00','Positive'),(478,8251016843,50,'Milton Keynes University Hosp','2024-08-20 00:00:00','Negative'),(479,9882942273,75,'Southmead Hospital','2023-05-19 00:00:00','Positive'),(480,9032334692,51,'Princess Royal Hospital','2024-07-13 00:00:00','Negative'),(481,4796275705,64,'Royal London Hospital','2024-07-22 00:00:00','Positive'),(482,4726389206,3,'Manchester Royal Infirmary','2023-07-09 00:00:00','Negative'),(483,5642128656,57,'St. Thomas\' Hospital','2023-03-26 00:00:00','Positive'),(484,5563856688,6,'Birmingham City Hospital','2024-07-23 00:00:00','Negative'),(485,4630021660,19,'Addenbrooke\'s Hospital','2024-07-16 00:00:00','Positive'),(486,6733765194,29,'Great Ormond Street Hospital','2024-09-13 00:00:00','Negative'),(487,6640993473,41,'University Hospital Southampton','2024-07-23 00:00:00','Positive'),(488,3042087452,53,'Royal Victoria Infirmary','2024-11-16 00:00:00','Negative'),(489,5493086007,44,'Queen Elizabeth Hospital','2023-07-16 00:00:00','Positive'),(490,4228470732,13,'Norfolk and Norwich Hospital','2023-12-16 00:00:00','Negative'),(491,1453048199,95,'Leeds General Infirmary','2023-11-15 00:00:00','Positive'),(492,5547325514,72,'Guy\'s Hospital','2024-04-26 00:00:00','Negative'),(493,3049992079,41,'Charing Cross Hospital','2023-11-02 00:00:00','Positive'),(494,3815542510,39,'John Radcliffe Hospital','2023-10-22 00:00:00','Negative'),(496,8558218363,6,'Hull Royal Infirmary','2024-07-11 00:00:00','Negative'),(497,5015246014,70,'Bristol Royal Infirmary','2024-08-29 00:00:00','Positive'),(498,1760099157,72,'Western General Hospital','2024-10-28 00:00:00','Negative'),(499,7637228637,64,'Ninewells Hospital','2024-02-08 00:00:00','Positive'),(500,7835133873,18,'Queen\'s Medical Centre','2024-12-27 00:00:00','Negative'),(501,4514863926,42,'Royal Free Hospital','2023-05-08 00:00:00','Positive'),(502,7573739431,59,'Freeman Hospital','2023-10-04 00:00:00','Negative'),(503,3633877309,94,'Glasgow Royal Infirmary','2023-10-04 00:00:00','Positive'),(504,8491976021,44,'Royal Sussex County Hospital','2023-05-28 00:00:00','Negative'),(505,3961999317,94,'St. George\'s Hospital','2025-01-08 00:00:00','Positive'),(506,6942374949,46,'Wythenshawe Hospital','2023-03-18 00:00:00','Negative'),(507,3560047058,83,'Morriston Hospital','2024-09-13 00:00:00','Positive'),(508,8082739038,70,'Derriford Hospital','2024-07-25 00:00:00','Negative'),(509,8970266189,86,'Royal Blackburn Hospital','2023-05-02 00:00:00','Positive'),(510,5864010651,39,'Stoke Mandeville Hospital','2023-08-23 00:00:00','Negative'),(511,1985310331,56,'James Cook University Hospital','2023-05-19 00:00:00','Positive'),(512,6875763291,86,'Aberdeen Royal Infirmary','2023-11-29 00:00:00','Negative'),(513,8609806992,91,'Queen Elizabeth University Hosp','2023-09-15 00:00:00','Positive'),(514,1670946123,7,'York Hospital','2023-03-10 00:00:00','Negative'),(515,1512678675,17,'Royal Derby Hospital','2024-06-07 00:00:00','Positive'),(516,8239519167,38,'Milton Keynes University Hosp','2024-11-16 00:00:00','Negative'),(517,2995890080,66,'Southmead Hospital','2023-09-19 00:00:00','Positive'),(518,3584669269,76,'Princess Royal Hospital','2023-06-08 00:00:00','Negative'),(519,9287181749,41,'Royal London Hospital','2023-11-09 00:00:00','Positive'),(520,6711612968,90,'Manchester Royal Infirmary','2024-10-02 00:00:00','Negative'),(521,2635920169,41,'St. Thomas\' Hospital','2024-11-22 00:00:00','Positive'),(522,3752459289,43,'Birmingham City Hospital','2024-08-22 00:00:00','Negative'),(523,4911069591,68,'Addenbrooke\'s Hospital','2024-03-06 00:00:00','Positive'),(524,2818066593,15,'Great Ormond Street Hospital','2023-02-22 00:00:00','Negative'),(525,2649359965,1,'University Hospital Southampton','2023-05-09 00:00:00','Positive'),(526,8118651788,14,'Royal Victoria Infirmary','2023-05-11 00:00:00','Negative'),(527,2027666540,97,'Queen Elizabeth Hospital','2023-08-09 00:00:00','Positive'),(528,5775304276,85,'Norfolk and Norwich Hospital','2024-06-03 00:00:00','Negative'),(529,7095962105,55,'Leeds General Infirmary','2024-11-02 00:00:00','Positive'),(530,8236809054,11,'Guy\'s Hospital','2023-08-07 00:00:00','Negative'),(531,8286817963,88,'Charing Cross Hospital','2024-07-12 00:00:00','Positive'),(532,1306224634,25,'John Radcliffe Hospital','2024-07-24 00:00:00','Negative'),(534,5929233094,51,'Hull Royal Infirmary','2024-05-21 00:00:00','Negative'),(535,2986520601,86,'Bristol Royal Infirmary','2024-11-18 00:00:00','Positive'),(536,3065556632,59,'Western General Hospital','2023-05-15 00:00:00','Negative'),(537,8114277090,45,'Ninewells Hospital','2024-02-28 00:00:00','Positive'),(538,9165947059,18,'Queen\'s Medical Centre','2024-05-04 00:00:00','Negative'),(539,4773395735,4,'Royal Free Hospital','2024-01-26 00:00:00','Positive'),(540,1724063022,27,'Freeman Hospital','2023-06-07 00:00:00','Negative'),(541,1909102377,4,'Glasgow Royal Infirmary','2024-11-10 00:00:00','Positive'),(542,2509097351,30,'Royal Sussex County Hospital','2024-03-05 00:00:00','Negative'),(543,5138505086,94,'St. George\'s Hospital','2023-05-24 00:00:00','Positive'),(544,3026063503,100,'Wythenshawe Hospital','2024-03-29 00:00:00','Negative'),(545,6107651763,48,'Morriston Hospital','2024-04-08 00:00:00','Positive'),(546,7983596568,35,'Derriford Hospital','2023-06-23 00:00:00','Negative'),(547,4515188342,42,'Royal Blackburn Hospital','2024-06-14 00:00:00','Positive'),(548,6441643590,29,'Stoke Mandeville Hospital','2024-09-22 00:00:00','Negative'),(549,3707805819,81,'James Cook University Hospital','2024-11-15 00:00:00','Positive'),(550,9994837717,57,'Aberdeen Royal Infirmary','2023-08-30 00:00:00','Negative'),(551,6823913749,26,'Queen Elizabeth University Hosp','2023-04-20 00:00:00','Positive'),(552,8629996386,16,'York Hospital','2024-03-30 00:00:00','Negative'),(553,8495595242,25,'Royal Derby Hospital','2023-05-15 00:00:00','Positive'),(554,3718806331,3,'Milton Keynes University Hosp','2024-03-11 00:00:00','Negative'),(555,1591729974,98,'Southmead Hospital','2023-07-06 00:00:00','Positive'),(556,7975756901,63,'Princess Royal Hospital','2024-05-14 00:00:00','Negative'),(557,5609223023,43,'Royal London Hospital','2024-05-06 00:00:00','Positive'),(558,3394760713,53,'Manchester Royal Infirmary','2024-05-12 00:00:00','Negative'),(559,3913623033,70,'St. Thomas\' Hospital','2023-10-02 00:00:00','Positive'),(560,4568610182,61,'Birmingham City Hospital','2024-08-23 00:00:00','Negative'),(561,3927737551,85,'Addenbrooke\'s Hospital','2024-12-07 00:00:00','Positive'),(562,2796924649,40,'Great Ormond Street Hospital','2024-03-02 00:00:00','Negative'),(563,9434822954,87,'University Hospital Southampton','2024-09-17 00:00:00','Positive'),(564,9814608232,52,'Royal Victoria Infirmary','2023-07-04 00:00:00','Negative'),(565,5284596574,76,'Queen Elizabeth Hospital','2023-12-02 00:00:00','Positive'),(566,3020339045,20,'Norfolk and Norwich Hospital','2024-01-22 00:00:00','Negative'),(567,5419368142,98,'Leeds General Infirmary','2023-06-02 00:00:00','Positive'),(568,7222369850,34,'Guy\'s Hospital','2023-02-06 00:00:00','Negative'),(569,8635034646,14,'Charing Cross Hospital','2023-02-18 00:00:00','Positive'),(570,4634201726,95,'John Radcliffe Hospital','2024-04-10 00:00:00','Negative'),(572,9166872412,81,'Hull Royal Infirmary','2023-07-04 00:00:00','Negative'),(573,1478098028,92,'Bristol Royal Infirmary','2023-01-24 00:00:00','Positive'),(574,5308713410,56,'Western General Hospital','2024-12-20 00:00:00','Negative'),(575,5841181916,40,'Ninewells Hospital','2023-06-07 00:00:00','Positive'),(576,4794951749,70,'Queen\'s Medical Centre','2023-10-24 00:00:00','Negative'),(577,5979876267,89,'Royal Free Hospital','2023-01-20 00:00:00','Positive'),(578,8839284946,72,'Freeman Hospital','2023-08-06 00:00:00','Negative'),(579,2700156571,74,'Glasgow Royal Infirmary','2023-07-03 00:00:00','Positive'),(580,1110371473,47,'Royal Sussex County Hospital','2024-02-11 00:00:00','Negative'),(581,6988436820,78,'St. George\'s Hospital','2024-03-04 00:00:00','Positive'),(582,8251949406,13,'Wythenshawe Hospital','2024-08-12 00:00:00','Negative'),(583,8531951868,29,'Morriston Hospital','2023-07-18 00:00:00','Positive'),(584,2139240655,94,'Derriford Hospital','2024-05-23 00:00:00','Negative'),(585,2904139628,41,'Royal Blackburn Hospital','2024-10-02 00:00:00','Positive'),(586,1527115200,35,'Stoke Mandeville Hospital','2023-12-14 00:00:00','Negative'),(587,1854266731,65,'James Cook University Hospital','2023-12-04 00:00:00','Positive'),(588,5142798268,45,'Aberdeen Royal Infirmary','2024-06-01 00:00:00','Negative'),(589,2129504499,20,'Queen Elizabeth University Hosp','2024-02-01 00:00:00','Positive'),(590,9328532896,5,'York Hospital','2024-09-15 00:00:00','Negative'),(591,6240200379,75,'Royal Derby Hospital','2023-10-28 00:00:00','Positive'),(592,3265171498,36,'Milton Keynes University Hosp','2023-09-02 00:00:00','Negative'),(593,3625606218,42,'Southmead Hospital','2023-05-08 00:00:00','Positive'),(594,5432772438,20,'Princess Royal Hospital','2023-06-24 00:00:00','Negative'),(595,6123154154,39,'Royal London Hospital','2023-01-30 00:00:00','Positive'),(596,8405435643,6,'Manchester Royal Infirmary','2024-09-05 00:00:00','Negative'),(597,3983969776,77,'St. Thomas\' Hospital','2023-08-18 00:00:00','Positive'),(598,3428187541,7,'Birmingham City Hospital','2023-06-18 00:00:00','Negative'),(599,9863426325,63,'Addenbrooke\'s Hospital','2024-02-10 00:00:00','Positive'),(600,8574027733,85,'Great Ormond Street Hospital','2024-09-05 00:00:00','Negative'),(601,5070344026,88,'University Hospital Southampton','2023-03-20 00:00:00','Positive'),(602,1131221464,10,'Royal Victoria Infirmary','2023-02-17 00:00:00','Negative'),(603,5817739406,19,'Queen Elizabeth Hospital','2024-12-12 00:00:00','Positive'),(604,1911199654,80,'Norfolk and Norwich Hospital','2023-11-02 00:00:00','Negative'),(605,2178696058,37,'Leeds General Infirmary','2024-12-31 00:00:00','Positive'),(606,8903510470,66,'Guy\'s Hospital','2024-07-18 00:00:00','Negative'),(607,1269637094,38,'Charing Cross Hospital','2024-05-01 00:00:00','Positive'),(608,2131396274,60,'John Radcliffe Hospital','2024-11-27 00:00:00','Negative'),(610,7235395789,13,'Hull Royal Infirmary','2023-06-20 00:00:00','Negative'),(611,7237693025,11,'Bristol Royal Infirmary','2023-04-01 00:00:00','Positive'),(612,4176342698,39,'Western General Hospital','2024-02-02 00:00:00','Negative'),(613,9297887442,30,'Ninewells Hospital','2023-12-15 00:00:00','Positive'),(614,8572986192,40,'Queen\'s Medical Centre','2024-09-20 00:00:00','Negative'),(615,3214646245,57,'Royal Free Hospital','2023-02-02 00:00:00','Positive'),(616,5698618612,13,'Freeman Hospital','2024-08-06 00:00:00','Negative'),(617,6152917563,90,'Glasgow Royal Infirmary','2023-05-27 00:00:00','Positive'),(618,2824052598,29,'Royal Sussex County Hospital','2023-09-25 00:00:00','Negative'),(619,6950863169,50,'St. George\'s Hospital','2023-08-30 00:00:00','Positive'),(620,7815766217,1,'Wythenshawe Hospital','2024-05-18 00:00:00','Negative'),(621,5855762754,61,'Morriston Hospital','2024-03-04 00:00:00','Positive'),(622,1520859138,46,'Derriford Hospital','2024-07-26 00:00:00','Negative'),(623,3207966203,37,'Royal Blackburn Hospital','2023-02-07 00:00:00','Positive'),(624,7571843396,42,'Stoke Mandeville Hospital','2024-05-08 00:00:00','Negative'),(625,2102655670,49,'James Cook University Hospital','2023-12-06 00:00:00','Positive'),(626,6166660824,21,'Aberdeen Royal Infirmary','2024-03-24 00:00:00','Negative'),(627,2347819056,44,'Queen Elizabeth University Hosp','2023-02-24 00:00:00','Positive'),(628,2804386040,65,'York Hospital','2023-08-07 00:00:00','Negative'),(629,1729351600,73,'Royal Derby Hospital','2024-07-11 00:00:00','Positive'),(630,7237502945,27,'Milton Keynes University Hosp','2024-01-19 00:00:00','Negative'),(631,1403130821,65,'Southmead Hospital','2023-12-17 00:00:00','Positive'),(632,6925814799,91,'Princess Royal Hospital','2024-02-18 00:00:00','Negative'),(633,4467277669,72,'Royal London Hospital','2023-08-23 00:00:00','Positive'),(634,9053027320,39,'Manchester Royal Infirmary','2024-05-17 00:00:00','Negative'),(635,8370964131,7,'St. Thomas\' Hospital','2024-03-13 00:00:00','Positive'),(636,7480237228,46,'Birmingham City Hospital','2024-12-28 00:00:00','Negative'),(637,9344841809,77,'Addenbrooke\'s Hospital','2023-03-05 00:00:00','Positive'),(638,1835824178,55,'Great Ormond Street Hospital','2023-03-11 00:00:00','Negative'),(639,2999217355,43,'University Hospital Southampton','2024-09-25 00:00:00','Positive'),(640,7004777390,34,'Royal Victoria Infirmary','2023-03-26 00:00:00','Negative'),(641,9427922946,40,'Queen Elizabeth Hospital','2023-03-21 00:00:00','Positive'),(642,5154546087,3,'Norfolk and Norwich Hospital','2025-01-06 00:00:00','Negative'),(643,8780731315,66,'Leeds General Infirmary','2023-09-02 00:00:00','Positive'),(644,7062160184,71,'Guy\'s Hospital','2023-06-21 00:00:00','Negative'),(645,8749714514,44,'Charing Cross Hospital','2023-04-28 00:00:00','Positive'),(646,2067158300,10,'John Radcliffe Hospital','2023-04-28 00:00:00','Negative'),(648,3263874538,5,'Hull Royal Infirmary','2023-08-16 00:00:00','Negative'),(649,1350099487,43,'Bristol Royal Infirmary','2024-03-28 00:00:00','Positive'),(650,2732803134,51,'Western General Hospital','2023-03-17 00:00:00','Negative'),(651,9268090113,54,'Ninewells Hospital','2024-06-23 00:00:00','Positive'),(652,3587819218,67,'Queen\'s Medical Centre','2023-12-20 00:00:00','Negative'),(653,2089561260,67,'Royal Free Hospital','2023-09-02 00:00:00','Positive'),(654,5470931270,71,'Freeman Hospital','2024-05-06 00:00:00','Negative'),(655,6159290617,76,'Glasgow Royal Infirmary','2023-07-01 00:00:00','Positive'),(656,1903329713,73,'Royal Sussex County Hospital','2024-08-12 00:00:00','Negative'),(657,8603904710,69,'St. George\'s Hospital','2024-04-13 00:00:00','Positive'),(658,7103645232,96,'Wythenshawe Hospital','2024-09-20 00:00:00','Negative'),(659,4403413030,38,'Morriston Hospital','2023-07-31 00:00:00','Positive'),(660,5571354623,6,'Derriford Hospital','2024-04-04 00:00:00','Negative'),(661,5512284339,29,'Royal Blackburn Hospital','2024-09-11 00:00:00','Positive'),(662,3557800415,46,'Stoke Mandeville Hospital','2023-05-11 00:00:00','Negative'),(663,3737239761,16,'James Cook University Hospital','2023-10-18 00:00:00','Positive'),(664,2981753047,97,'Aberdeen Royal Infirmary','2023-11-21 00:00:00','Negative'),(665,1983093171,34,'Queen Elizabeth University Hosp','2024-03-20 00:00:00','Positive'),(666,9668921321,9,'York Hospital','2024-02-14 00:00:00','Negative'),(667,9091497457,39,'Royal Derby Hospital','2023-11-29 00:00:00','Positive'),(668,2855313381,86,'Milton Keynes University Hosp','2023-04-16 00:00:00','Negative'),(669,7520212174,50,'Southmead Hospital','2024-12-01 00:00:00','Positive'),(670,6812009627,83,'Princess Royal Hospital','2023-04-17 00:00:00','Negative'),(671,3273896274,44,'Royal London Hospital','2024-04-07 00:00:00','Positive'),(672,9574427689,45,'Manchester Royal Infirmary','2024-08-22 00:00:00','Negative'),(673,5994948925,28,'St. Thomas\' Hospital','2023-10-22 00:00:00','Positive'),(674,3843375661,52,'Birmingham City Hospital','2024-06-11 00:00:00','Negative'),(675,3396194918,93,'Addenbrooke\'s Hospital','2023-05-20 00:00:00','Positive'),(676,2963860183,15,'Great Ormond Street Hospital','2023-07-03 00:00:00','Negative'),(677,3333180178,27,'University Hospital Southampton','2023-07-14 00:00:00','Positive'),(678,9403057460,51,'Royal Victoria Infirmary','2024-10-06 00:00:00','Negative'),(679,9345743440,81,'Queen Elizabeth Hospital','2024-04-27 00:00:00','Positive'),(680,2519508378,18,'Norfolk and Norwich Hospital','2024-11-25 00:00:00','Negative'),(681,3925277617,63,'Leeds General Infirmary','2024-01-04 00:00:00','Positive'),(682,7652606173,39,'Guy\'s Hospital','2024-11-28 00:00:00','Negative'),(683,8587306965,95,'Charing Cross Hospital','2024-02-27 00:00:00','Positive'),(684,4462540034,33,'John Radcliffe Hospital','2024-07-20 00:00:00','Negative'),(686,3874722366,6,'Hull Royal Infirmary','2023-09-19 00:00:00','Negative'),(687,9044487409,17,'Bristol Royal Infirmary','2024-06-10 00:00:00','Positive'),(688,6145174968,61,'Western General Hospital','2024-12-20 00:00:00','Negative'),(689,8011073204,91,'Ninewells Hospital','2023-04-19 00:00:00','Positive'),(690,2040131563,37,'Queen\'s Medical Centre','2023-01-20 00:00:00','Negative'),(691,2974755500,4,'Royal Free Hospital','2023-11-25 00:00:00','Positive'),(692,9952950734,65,'Freeman Hospital','2024-11-12 00:00:00','Negative'),(693,9785942308,41,'Glasgow Royal Infirmary','2024-04-17 00:00:00','Positive'),(694,7675255065,91,'Royal Sussex County Hospital','2023-04-03 00:00:00','Negative'),(695,3612018021,14,'St. George\'s Hospital','2023-03-25 00:00:00','Positive'),(696,7572272842,56,'Wythenshawe Hospital','2023-03-09 00:00:00','Negative'),(697,2997598545,14,'Morriston Hospital','2023-03-28 00:00:00','Positive'),(698,3974699461,75,'Derriford Hospital','2024-02-02 00:00:00','Negative'),(699,3802149072,22,'Royal Blackburn Hospital','2023-05-18 00:00:00','Positive'),(700,3488417304,48,'Stoke Mandeville Hospital','2023-12-31 00:00:00','Negative'),(701,8973955708,47,'James Cook University Hospital','2023-09-01 00:00:00','Positive'),(702,7960787749,85,'Aberdeen Royal Infirmary','2023-06-19 00:00:00','Negative'),(703,8599286443,48,'Queen Elizabeth University Hosp','2023-10-27 00:00:00','Positive'),(704,3198444843,65,'York Hospital','2024-09-16 00:00:00','Negative'),(705,9229948897,9,'Royal Derby Hospital','2023-01-22 00:00:00','Positive'),(706,2971412801,36,'Milton Keynes University Hosp','2023-05-02 00:00:00','Negative'),(707,2328490799,66,'Southmead Hospital','2024-11-11 00:00:00','Positive'),(708,6798527463,86,'Princess Royal Hospital','2024-07-20 00:00:00','Negative'),(709,3055365147,3,'Royal London Hospital','2024-07-24 00:00:00','Positive'),(710,6379346836,50,'Manchester Royal Infirmary','2023-11-20 00:00:00','Negative'),(711,6205504120,88,'St. Thomas\' Hospital','2024-08-12 00:00:00','Positive'),(712,9808379634,96,'Birmingham City Hospital','2023-03-13 00:00:00','Negative'),(713,8982384920,25,'Addenbrooke\'s Hospital','2024-10-20 00:00:00','Positive'),(714,7609122446,43,'Great Ormond Street Hospital','2024-08-24 00:00:00','Negative'),(715,3936489657,76,'University Hospital Southampton','2023-12-13 00:00:00','Positive'),(716,6770683643,56,'Royal Victoria Infirmary','2023-01-16 00:00:00','Negative'),(717,4059287171,90,'Queen Elizabeth Hospital','2023-01-27 00:00:00','Positive'),(718,7517685806,9,'Norfolk and Norwich Hospital','2023-05-16 00:00:00','Negative'),(719,2842736194,57,'Leeds General Infirmary','2024-01-06 00:00:00','Positive'),(720,5195484101,76,'Guy\'s Hospital','2023-11-30 00:00:00','Negative'),(721,2780723965,85,'Charing Cross Hospital','2023-02-05 00:00:00','Positive'),(722,3639282917,66,'John Radcliffe Hospital','2023-10-18 00:00:00','Negative'),(724,7617817396,65,'Hull Royal Infirmary','2024-06-12 00:00:00','Negative'),(725,9254579415,73,'Bristol Royal Infirmary','2024-10-07 00:00:00','Positive'),(726,2718689504,45,'Western General Hospital','2023-08-15 00:00:00','Negative'),(727,5130432792,72,'Ninewells Hospital','2024-05-17 00:00:00','Positive'),(728,5005163453,50,'Queen\'s Medical Centre','2024-12-03 00:00:00','Negative'),(729,5693928888,13,'Royal Free Hospital','2024-03-20 00:00:00','Positive'),(730,8740827378,45,'Freeman Hospital','2023-09-12 00:00:00','Negative'),(731,5458501987,68,'Glasgow Royal Infirmary','2024-09-10 00:00:00','Positive'),(732,6518929210,54,'Royal Sussex County Hospital','2024-11-04 00:00:00','Negative'),(733,6455779737,43,'St. George\'s Hospital','2023-06-24 00:00:00','Positive'),(734,9108144771,95,'Wythenshawe Hospital','2024-03-27 00:00:00','Negative'),(735,4119617000,35,'Morriston Hospital','2024-02-29 00:00:00','Positive'),(736,6498628815,85,'Derriford Hospital','2023-06-09 00:00:00','Negative'),(737,1464758851,55,'Royal Blackburn Hospital','2023-10-22 00:00:00','Positive'),(738,9280950796,78,'Stoke Mandeville Hospital','2024-06-26 00:00:00','Negative'),(739,2711146398,6,'James Cook University Hospital','2024-11-19 00:00:00','Positive'),(740,8576233573,83,'Aberdeen Royal Infirmary','2024-06-05 00:00:00','Negative'),(741,1450850556,63,'Queen Elizabeth University Hosp','2024-04-25 00:00:00','Positive'),(742,7871881598,19,'York Hospital','2024-04-22 00:00:00','Negative'),(743,9932673391,93,'Royal Derby Hospital','2024-12-04 00:00:00','Positive'),(744,1008126622,7,'Milton Keynes University Hosp','2024-01-18 00:00:00','Negative'),(745,9541434093,80,'Southmead Hospital','2023-04-05 00:00:00','Positive'),(746,5372116802,77,'Princess Royal Hospital','2023-05-14 00:00:00','Negative'),(747,8425271795,24,'Royal London Hospital','2024-09-07 00:00:00','Positive'),(748,9430086431,97,'Manchester Royal Infirmary','2024-08-24 00:00:00','Negative'),(749,2555821693,97,'St. Thomas\' Hospital','2023-11-13 00:00:00','Positive'),(750,3450383401,12,'Birmingham City Hospital','2024-06-20 00:00:00','Negative'),(751,6111900443,14,'Addenbrooke\'s Hospital','2023-07-02 00:00:00','Positive'),(752,1298696848,48,'Great Ormond Street Hospital','2024-02-07 00:00:00','Negative'),(753,6681256439,68,'University Hospital Southampton','2023-02-02 00:00:00','Positive'),(754,4333496738,79,'Royal Victoria Infirmary','2024-09-07 00:00:00','Negative'),(755,8142589851,72,'Queen Elizabeth Hospital','2023-06-21 00:00:00','Positive'),(756,9768771962,13,'Norfolk and Norwich Hospital','2024-06-11 00:00:00','Negative'),(757,2387688880,87,'Leeds General Infirmary','2023-09-04 00:00:00','Positive'),(758,5921984634,93,'Guy\'s Hospital','2023-11-04 00:00:00','Negative'),(759,1738818567,21,'Charing Cross Hospital','2023-08-08 00:00:00','Positive'),(760,7809782318,98,'John Radcliffe Hospital','2023-12-20 00:00:00','Negative'),(762,4663895606,59,'Hull Royal Infirmary','2024-04-03 00:00:00','Negative'),(763,1598861512,51,'Bristol Royal Infirmary','2024-02-15 00:00:00','Positive'),(764,8857014670,95,'Western General Hospital','2024-04-17 00:00:00','Negative'),(765,8904679660,87,'Ninewells Hospital','2023-06-09 00:00:00','Positive'),(766,1832102648,94,'Queen\'s Medical Centre','2023-11-13 00:00:00','Negative'),(767,1256602709,78,'Royal Free Hospital','2023-07-06 00:00:00','Positive'),(768,4956100226,9,'Freeman Hospital','2024-02-02 00:00:00','Negative'),(769,8848822255,14,'Glasgow Royal Infirmary','2023-06-27 00:00:00','Positive'),(770,2074540177,81,'Royal Sussex County Hospital','2024-08-28 00:00:00','Negative'),(771,7192165552,16,'St. George\'s Hospital','2024-12-13 00:00:00','Positive'),(772,2565756212,5,'Wythenshawe Hospital','2023-02-11 00:00:00','Negative'),(773,9696517401,19,'Morriston Hospital','2023-08-03 00:00:00','Positive'),(774,1854316223,95,'Derriford Hospital','2024-08-19 00:00:00','Negative'),(775,2773797998,7,'Royal Blackburn Hospital','2024-10-13 00:00:00','Positive'),(776,9669565327,97,'Stoke Mandeville Hospital','2024-12-12 00:00:00','Negative'),(777,8708473514,32,'James Cook University Hospital','2023-05-16 00:00:00','Positive'),(778,4290436159,63,'Aberdeen Royal Infirmary','2024-04-25 00:00:00','Negative'),(779,7019450328,60,'Queen Elizabeth University Hosp','2024-05-05 00:00:00','Positive'),(780,7647293154,25,'York Hospital','2024-08-11 00:00:00','Negative'),(781,7628319970,10,'Royal Derby Hospital','2023-02-18 00:00:00','Positive'),(782,3232191128,68,'Milton Keynes University Hosp','2024-03-14 00:00:00','Negative'),(783,9990301899,22,'Southmead Hospital','2023-07-25 00:00:00','Positive'),(784,6014341758,85,'Princess Royal Hospital','2024-05-10 00:00:00','Negative'),(785,6349678009,28,'Royal London Hospital','2023-10-18 00:00:00','Positive'),(786,4463849708,51,'Manchester Royal Infirmary','2024-05-11 00:00:00','Negative'),(787,5452702351,22,'St. Thomas\' Hospital','2023-12-13 00:00:00','Positive'),(788,6104124102,32,'Birmingham City Hospital','2023-02-20 00:00:00','Negative'),(789,5242413558,75,'Addenbrooke\'s Hospital','2024-05-04 00:00:00','Positive'),(790,3879446813,68,'Great Ormond Street Hospital','2023-09-06 00:00:00','Negative'),(791,9402551995,15,'University Hospital Southampton','2024-04-06 00:00:00','Positive'),(792,3676338118,95,'Royal Victoria Infirmary','2024-01-14 00:00:00','Negative'),(793,2401861447,2,'Queen Elizabeth Hospital','2023-01-23 00:00:00','Positive'),(794,6935981137,73,'Norfolk and Norwich Hospital','2024-10-08 00:00:00','Negative'),(795,1507929743,24,'Leeds General Infirmary','2024-05-08 00:00:00','Positive'),(796,9084226812,95,'Guy\'s Hospital','2023-02-03 00:00:00','Negative'),(797,8792218908,36,'Charing Cross Hospital','2024-07-22 00:00:00','Positive'),(798,1285141862,24,'John Radcliffe Hospital','2024-05-17 00:00:00','Negative'),(800,8886109156,28,'Hull Royal Infirmary','2024-08-15 00:00:00','Negative'),(801,6485426122,47,'Bristol Royal Infirmary','2024-05-07 00:00:00','Positive'),(802,4060102679,88,'Western General Hospital','2023-04-14 00:00:00','Negative'),(803,8976172378,83,'Ninewells Hospital','2024-02-20 00:00:00','Positive'),(804,1881674472,75,'Queen\'s Medical Centre','2024-05-07 00:00:00','Negative'),(805,8631672594,43,'Royal Free Hospital','2024-05-08 00:00:00','Positive'),(806,2754909163,19,'Freeman Hospital','2024-12-19 00:00:00','Negative'),(807,7695042500,14,'Glasgow Royal Infirmary','2024-04-01 00:00:00','Positive'),(808,9850294370,55,'Royal Sussex County Hospital','2023-09-17 00:00:00','Negative'),(809,2484418989,21,'St. George\'s Hospital','2024-08-07 00:00:00','Positive'),(810,8282995550,48,'Wythenshawe Hospital','2023-11-14 00:00:00','Negative'),(811,4985658472,41,'Morriston Hospital','2023-12-17 00:00:00','Positive'),(812,4657054869,86,'Derriford Hospital','2024-04-07 00:00:00','Negative'),(813,6908404377,49,'Royal Blackburn Hospital','2023-12-12 00:00:00','Positive'),(814,1777957780,43,'Stoke Mandeville Hospital','2023-05-07 00:00:00','Negative'),(815,3762149735,68,'James Cook University Hospital','2024-12-17 00:00:00','Positive'),(816,7405890455,12,'Aberdeen Royal Infirmary','2023-06-03 00:00:00','Negative'),(817,9683283092,2,'Queen Elizabeth University Hosp','2024-05-11 00:00:00','Positive'),(818,4118875605,72,'York Hospital','2024-03-30 00:00:00','Negative'),(819,6784750365,52,'Royal Derby Hospital','2023-07-29 00:00:00','Positive'),(820,8884899568,84,'Milton Keynes University Hosp','2025-01-01 00:00:00','Negative'),(821,6199168561,42,'Southmead Hospital','2024-01-05 00:00:00','Positive'),(822,7662990921,26,'Princess Royal Hospital','2023-03-07 00:00:00','Negative'),(823,5424117590,21,'Royal London Hospital','2023-12-01 00:00:00','Positive'),(824,8310896663,21,'Manchester Royal Infirmary','2023-07-11 00:00:00','Negative'),(825,2851469545,84,'St. Thomas\' Hospital','2024-11-02 00:00:00','Positive'),(826,7579317895,72,'Birmingham City Hospital','2024-04-20 00:00:00','Negative'),(827,2273638739,14,'Addenbrooke\'s Hospital','2024-05-16 00:00:00','Positive'),(828,9217987760,81,'Great Ormond Street Hospital','2024-01-12 00:00:00','Negative'),(829,3145791185,22,'University Hospital Southampton','2023-03-22 00:00:00','Positive'),(830,6308951260,12,'Royal Victoria Infirmary','2024-11-04 00:00:00','Negative'),(831,2611353822,28,'Queen Elizabeth Hospital','2024-05-11 00:00:00','Positive'),(832,5737334683,85,'Norfolk and Norwich Hospital','2024-12-09 00:00:00','Negative'),(833,7915754979,38,'Leeds General Infirmary','2024-09-28 00:00:00','Positive'),(834,1300877091,12,'Guy\'s Hospital','2023-06-19 00:00:00','Negative'),(835,6781544196,90,'Charing Cross Hospital','2024-01-31 00:00:00','Positive'),(836,3251084242,88,'John Radcliffe Hospital','2024-12-07 00:00:00','Negative'),(838,8806550197,92,'Hull Royal Infirmary','2024-04-25 00:00:00','Negative'),(839,1395306898,62,'Bristol Royal Infirmary','2023-09-24 00:00:00','Positive'),(840,4726432594,36,'Western General Hospital','2023-12-07 00:00:00','Negative'),(841,3921662641,40,'Ninewells Hospital','2023-09-25 00:00:00','Positive'),(842,1269387088,34,'Queen\'s Medical Centre','2024-03-22 00:00:00','Negative'),(843,1280214306,77,'Royal Free Hospital','2023-07-01 00:00:00','Positive'),(844,5504884818,2,'Freeman Hospital','2023-10-23 00:00:00','Negative'),(845,4720688902,70,'Glasgow Royal Infirmary','2024-08-12 00:00:00','Positive'),(846,9329131354,42,'Royal Sussex County Hospital','2024-05-11 00:00:00','Negative'),(847,1347127385,4,'St. George\'s Hospital','2023-09-12 00:00:00','Positive'),(848,8101534147,58,'Wythenshawe Hospital','2024-12-04 00:00:00','Negative'),(849,9283701165,18,'Morriston Hospital','2024-08-08 00:00:00','Positive'),(850,2561917609,59,'Derriford Hospital','2023-12-02 00:00:00','Negative'),(851,6390498161,40,'Royal Blackburn Hospital','2023-08-19 00:00:00','Positive'),(852,6702658741,4,'Stoke Mandeville Hospital','2024-01-02 00:00:00','Negative'),(853,5048687803,38,'James Cook University Hospital','2024-10-19 00:00:00','Positive'),(854,6149672287,32,'Aberdeen Royal Infirmary','2024-08-29 00:00:00','Negative'),(855,4313816775,56,'Queen Elizabeth University Hosp','2023-05-18 00:00:00','Positive'),(856,9812775288,69,'York Hospital','2024-09-15 00:00:00','Negative'),(857,1968521096,86,'Royal Derby Hospital','2023-11-19 00:00:00','Positive'),(858,2582286502,42,'Milton Keynes University Hosp','2024-03-11 00:00:00','Negative'),(859,2858281270,28,'Southmead Hospital','2023-03-27 00:00:00','Positive'),(860,5042456299,75,'Princess Royal Hospital','2023-12-20 00:00:00','Negative'),(861,3987937082,25,'Royal London Hospital','2024-11-04 00:00:00','Positive'),(862,7602053048,93,'Manchester Royal Infirmary','2023-09-15 00:00:00','Negative'),(863,4034880510,82,'St. Thomas\' Hospital','2023-01-10 00:00:00','Positive'),(864,5436877135,7,'Birmingham City Hospital','2024-07-06 00:00:00','Negative'),(865,4531405156,96,'Addenbrooke\'s Hospital','2024-03-05 00:00:00','Positive'),(866,5276889853,82,'Great Ormond Street Hospital','2023-10-29 00:00:00','Negative'),(867,8906877104,98,'University Hospital Southampton','2024-09-06 00:00:00','Positive'),(868,6984556247,44,'Royal Victoria Infirmary','2024-09-12 00:00:00','Negative'),(869,7603203153,79,'Queen Elizabeth Hospital','2024-04-30 00:00:00','Positive'),(870,1115112666,76,'Norfolk and Norwich Hospital','2023-03-03 00:00:00','Negative'),(871,9066701787,99,'Leeds General Infirmary','2023-12-31 00:00:00','Positive'),(872,6872229043,7,'Guy\'s Hospital','2024-08-10 00:00:00','Negative'),(873,7322491228,7,'Charing Cross Hospital','2023-07-21 00:00:00','Positive'),(874,3010700984,100,'John Radcliffe Hospital','2024-10-16 00:00:00','Negative'),(876,8284670854,88,'Hull Royal Infirmary','2024-05-30 00:00:00','Negative'),(877,8321068554,2,'Bristol Royal Infirmary','2024-01-11 00:00:00','Positive'),(878,2156028585,20,'Western General Hospital','2023-07-08 00:00:00','Negative'),(879,3840066025,47,'Ninewells Hospital','2023-12-23 00:00:00','Positive'),(880,5841116468,96,'Queen\'s Medical Centre','2023-01-21 00:00:00','Negative'),(881,6867144474,43,'Royal Free Hospital','2024-12-13 00:00:00','Positive'),(882,1438570863,1,'Freeman Hospital','2023-07-25 00:00:00','Negative'),(883,2457352278,75,'Glasgow Royal Infirmary','2023-09-16 00:00:00','Positive'),(884,1066417490,2,'Royal Sussex County Hospital','2023-11-03 00:00:00','Negative'),(885,6681669757,53,'St. George\'s Hospital','2024-07-21 00:00:00','Positive'),(886,5960926699,12,'Wythenshawe Hospital','2024-06-11 00:00:00','Negative'),(887,7716587302,11,'Morriston Hospital','2023-03-15 00:00:00','Positive'),(888,6531652723,88,'Derriford Hospital','2023-06-24 00:00:00','Negative'),(889,1970059787,12,'Royal Blackburn Hospital','2023-12-03 00:00:00','Positive'),(890,9171748488,46,'Stoke Mandeville Hospital','2024-02-10 00:00:00','Negative'),(891,6118591516,8,'James Cook University Hospital','2024-05-19 00:00:00','Positive'),(892,8957616841,22,'Aberdeen Royal Infirmary','2024-07-11 00:00:00','Negative'),(893,5640364495,67,'Queen Elizabeth University Hosp','2024-04-25 00:00:00','Positive'),(894,9154131262,23,'York Hospital','2023-10-06 00:00:00','Negative'),(895,6059937794,58,'Royal Derby Hospital','2023-01-31 00:00:00','Positive'),(896,3011530705,79,'Milton Keynes University Hosp','2024-04-20 00:00:00','Negative'),(897,5209389425,5,'Southmead Hospital','2024-11-07 00:00:00','Positive'),(898,1310841406,89,'Princess Royal Hospital','2023-08-18 00:00:00','Negative'),(899,9635990241,60,'Royal London Hospital','2023-01-30 00:00:00','Positive'),(900,4184043461,8,'Manchester Royal Infirmary','2023-01-24 00:00:00','Negative'),(901,3087335479,75,'St. Thomas\' Hospital','2024-09-01 00:00:00','Positive'),(902,2651899474,4,'Birmingham City Hospital','2023-12-01 00:00:00','Negative'),(903,3693476729,85,'Addenbrooke\'s Hospital','2024-12-30 00:00:00','Positive'),(904,5800953809,32,'Great Ormond Street Hospital','2023-05-24 00:00:00','Negative'),(905,8213155961,89,'University Hospital Southampton','2024-07-25 00:00:00','Positive'),(906,4707848516,3,'Royal Victoria Infirmary','2023-07-29 00:00:00','Negative'),(907,1946497124,73,'Queen Elizabeth Hospital','2023-11-24 00:00:00','Positive'),(908,4776326404,46,'Norfolk and Norwich Hospital','2023-11-23 00:00:00','Negative'),(909,7948989521,59,'Leeds General Infirmary','2024-06-02 00:00:00','Positive'),(910,4517573503,50,'Guy\'s Hospital','2023-10-20 00:00:00','Negative'),(911,8117782244,57,'Charing Cross Hospital','2024-11-30 00:00:00','Positive'),(912,9177477882,6,'John Radcliffe Hospital','2023-12-08 00:00:00','Negative'),(914,7102542558,100,'Hull Royal Infirmary','2024-08-04 00:00:00','Negative'),(915,5691480991,76,'Bristol Royal Infirmary','2023-10-12 00:00:00','Positive'),(916,1971402941,19,'Western General Hospital','2024-08-28 00:00:00','Negative'),(917,3510427357,7,'Ninewells Hospital','2024-07-18 00:00:00','Positive'),(918,4730067289,32,'Queen\'s Medical Centre','2024-11-02 00:00:00','Negative'),(919,9251253426,25,'Royal Free Hospital','2023-11-20 00:00:00','Positive'),(920,8695995452,71,'Freeman Hospital','2024-08-24 00:00:00','Negative'),(921,9777727839,2,'Glasgow Royal Infirmary','2024-06-30 00:00:00','Positive'),(922,8251016843,6,'Royal Sussex County Hospital','2023-12-25 00:00:00','Negative'),(923,9882942273,22,'St. George\'s Hospital','2024-10-02 00:00:00','Positive'),(924,9032334692,97,'Wythenshawe Hospital','2023-06-20 00:00:00','Negative'),(925,4796275705,48,'Morriston Hospital','2024-07-10 00:00:00','Positive'),(926,4726389206,73,'Derriford Hospital','2023-12-13 00:00:00','Negative'),(927,5642128656,29,'Royal Blackburn Hospital','2023-06-02 00:00:00','Positive'),(928,5563856688,4,'Stoke Mandeville Hospital','2024-03-05 00:00:00','Negative'),(929,4630021660,23,'James Cook University Hospital','2023-06-16 00:00:00','Positive'),(930,6733765194,79,'Aberdeen Royal Infirmary','2024-10-02 00:00:00','Negative'),(931,6640993473,8,'Queen Elizabeth University Hosp','2023-03-14 00:00:00','Positive'),(932,3042087452,76,'York Hospital','2023-11-09 00:00:00','Negative'),(933,5493086007,33,'Royal Derby Hospital','2023-02-18 00:00:00','Positive'),(934,4228470732,89,'Milton Keynes University Hosp','2024-09-15 00:00:00','Negative'),(935,1453048199,64,'Southmead Hospital','2024-02-17 00:00:00','Positive'),(936,5547325514,93,'Princess Royal Hospital','2024-08-20 00:00:00','Negative'),(937,3049992079,1,'Royal London Hospital','2024-10-23 00:00:00','Positive'),(938,3815542510,70,'Manchester Royal Infirmary','2023-07-07 00:00:00','Negative'),(939,3884361386,37,'St. Thomas\' Hospital','2024-01-30 00:00:00','Positive'),(940,8558218363,14,'Birmingham City Hospital','2023-02-09 00:00:00','Negative'),(941,5015246014,29,'Addenbrooke\'s Hospital','2023-04-11 00:00:00','Positive'),(942,1760099157,23,'Great Ormond Street Hospital','2024-12-06 00:00:00','Negative'),(943,7637228637,37,'University Hospital Southampton','2023-08-11 00:00:00','Positive'),(944,7835133873,11,'Royal Victoria Infirmary','2024-09-03 00:00:00','Negative'),(945,4514863926,13,'Queen Elizabeth Hospital','2024-07-27 00:00:00','Positive'),(946,7573739431,86,'Norfolk and Norwich Hospital','2024-10-17 00:00:00','Negative'),(947,3633877309,42,'Leeds General Infirmary','2024-07-23 00:00:00','Positive'),(948,8491976021,58,'Guy\'s Hospital','2024-04-08 00:00:00','Negative'),(949,3961999317,10,'Charing Cross Hospital','2024-06-09 00:00:00','Positive'),(950,6942374949,34,'John Radcliffe Hospital','2023-08-19 00:00:00','Negative'),(952,8082739038,5,'Hull Royal Infirmary','2023-09-13 00:00:00','Negative'),(953,8970266189,72,'Bristol Royal Infirmary','2024-06-23 00:00:00','Positive'),(954,5864010651,12,'Western General Hospital','2023-07-10 00:00:00','Negative'),(955,1985310331,2,'Ninewells Hospital','2023-08-14 00:00:00','Positive'),(956,6875763291,2,'Queen\'s Medical Centre','2024-01-14 00:00:00','Negative'),(957,8609806992,96,'Royal Free Hospital','2024-06-04 00:00:00','Positive'),(958,1670946123,47,'Freeman Hospital','2023-07-21 00:00:00','Negative'),(959,1512678675,16,'Glasgow Royal Infirmary','2023-01-17 00:00:00','Positive'),(960,8239519167,66,'Royal Sussex County Hospital','2023-02-16 00:00:00','Negative'),(961,2995890080,97,'St. George\'s Hospital','2024-10-23 00:00:00','Positive'),(962,3584669269,12,'Wythenshawe Hospital','2023-09-06 00:00:00','Negative'),(963,9287181749,76,'Morriston Hospital','2023-03-03 00:00:00','Positive'),(964,6711612968,83,'Derriford Hospital','2024-09-08 00:00:00','Negative'),(965,2635920169,48,'Royal Blackburn Hospital','2024-06-24 00:00:00','Positive'),(966,3752459289,37,'Stoke Mandeville Hospital','2023-09-14 00:00:00','Negative'),(967,4911069591,32,'James Cook University Hospital','2023-06-30 00:00:00','Positive'),(968,2818066593,60,'Aberdeen Royal Infirmary','2023-10-03 00:00:00','Negative'),(969,2649359965,71,'Queen Elizabeth University Hosp','2023-08-10 00:00:00','Positive'),(970,8118651788,76,'York Hospital','2024-04-10 00:00:00','Negative'),(971,2027666540,49,'Royal Derby Hospital','2023-03-22 00:00:00','Positive'),(972,5775304276,12,'Milton Keynes University Hosp','2024-09-22 00:00:00','Negative'),(973,7095962105,5,'Southmead Hospital','2024-01-19 00:00:00','Positive'),(974,8236809054,54,'Princess Royal Hospital','2023-07-01 00:00:00','Negative'),(975,8286817963,72,'Royal London Hospital','2024-06-02 00:00:00','Positive'),(976,1306224634,60,'Manchester Royal Infirmary','2023-07-21 00:00:00','Negative'),(977,7065592866,50,'St. Thomas\' Hospital','2023-04-12 00:00:00','Positive'),(978,5929233094,70,'Birmingham City Hospital','2023-12-22 00:00:00','Negative'),(979,2986520601,87,'Addenbrooke\'s Hospital','2024-06-04 00:00:00','Positive'),(980,3065556632,96,'Great Ormond Street Hospital','2023-07-14 00:00:00','Negative'),(981,8114277090,72,'University Hospital Southampton','2023-12-16 00:00:00','Positive'),(982,9165947059,93,'Royal Victoria Infirmary','2023-03-12 00:00:00','Negative'),(983,4773395735,18,'Queen Elizabeth Hospital','2023-07-21 00:00:00','Positive'),(984,1724063022,16,'Norfolk and Norwich Hospital','2023-09-23 00:00:00','Negative'),(985,1909102377,51,'Leeds General Infirmary','2023-11-08 00:00:00','Positive'),(986,2509097351,23,'Guy\'s Hospital','2023-09-30 00:00:00','Negative'),(987,5138505086,96,'Charing Cross Hospital','2023-03-09 00:00:00','Positive'),(988,3026063503,60,'John Radcliffe Hospital','2024-06-23 00:00:00','Negative'),(990,7983596568,65,'Hull Royal Infirmary','2024-01-31 00:00:00','Negative'),(991,4515188342,87,'Bristol Royal Infirmary','2023-10-02 00:00:00','Positive'),(992,6441643590,36,'Western General Hospital','2023-06-11 00:00:00','Negative'),(993,3707805819,57,'Ninewells Hospital','2024-10-22 00:00:00','Positive'),(994,9994837717,22,'Queen\'s Medical Centre','2024-12-20 00:00:00','Negative'),(995,6823913749,82,'Royal Free Hospital','2024-12-10 00:00:00','Positive'),(996,8629996386,94,'Freeman Hospital','2023-12-29 00:00:00','Negative'),(997,8495595242,50,'Glasgow Royal Infirmary','2023-01-19 00:00:00','Positive'),(998,3718806331,22,'Royal Sussex County Hospital','2023-05-09 00:00:00','Negative'),(999,1591729974,71,'St. George\'s Hospital','2024-12-18 00:00:00','Positive'),(1000,7975756901,27,'Wythenshawe Hospital','2024-10-14 00:00:00','Negative'),(1001,5609223023,78,'Morriston Hospital','2024-08-12 00:00:00','Positive'),(1002,3394760713,64,'Derriford Hospital','2024-03-12 00:00:00','Negative'),(1003,3913623033,22,'Royal Blackburn Hospital','2024-05-07 00:00:00','Positive'),(1004,4568610182,92,'Stoke Mandeville Hospital','2024-05-02 00:00:00','Negative'),(1005,3927737551,73,'James Cook University Hospital','2023-12-30 00:00:00','Positive'),(1006,2796924649,65,'Aberdeen Royal Infirmary','2023-11-02 00:00:00','Negative'),(1007,9434822954,27,'Queen Elizabeth University Hosp','2024-01-28 00:00:00','Positive'),(1008,9814608232,30,'York Hospital','2023-11-20 00:00:00','Negative'),(1009,5284596574,31,'Royal Derby Hospital','2024-09-04 00:00:00','Positive'),(1010,3020339045,77,'Milton Keynes University Hosp','2023-12-03 00:00:00','Negative'),(1011,5419368142,17,'Southmead Hospital','2024-04-16 00:00:00','Positive'),(1012,7222369850,12,'Princess Royal Hospital','2023-08-01 00:00:00','Negative'),(1013,8635034646,100,'Royal London Hospital','2024-06-19 00:00:00','Positive'),(1014,4634201726,2,'Manchester Royal Infirmary','2023-12-16 00:00:00','Negative'),(1015,7145715439,56,'St. Thomas\' Hospital','2024-11-20 00:00:00','Positive'),(1016,9166872412,20,'Birmingham City Hospital','2023-07-23 00:00:00','Negative'),(1017,1478098028,73,'Addenbrooke\'s Hospital','2023-11-01 00:00:00','Positive'),(1018,5308713410,96,'Great Ormond Street Hospital','2023-08-20 00:00:00','Negative'),(1019,5841181916,4,'University Hospital Southampton','2023-12-03 00:00:00','Positive'),(1020,4794951749,46,'Royal Victoria Infirmary','2023-08-25 00:00:00','Negative'),(1021,5979876267,19,'Queen Elizabeth Hospital','2023-08-31 00:00:00','Positive'),(1022,8839284946,85,'Norfolk and Norwich Hospital','2023-05-13 00:00:00','Negative'),(1023,2700156571,3,'Leeds General Infirmary','2023-05-19 00:00:00','Positive'),(1024,1110371473,94,'Guy\'s Hospital','2023-03-19 00:00:00','Negative'),(1025,6988436820,10,'Charing Cross Hospital','2023-09-27 00:00:00','Positive'),(1026,8251949406,79,'John Radcliffe Hospital','2023-07-25 00:00:00','Negative'),(1028,2139240655,50,'Hull Royal Infirmary','2023-06-15 00:00:00','Negative'),(1029,2904139628,47,'Bristol Royal Infirmary','2023-09-13 00:00:00','Positive'),(1030,1527115200,90,'Western General Hospital','2023-09-18 00:00:00','Negative'),(1031,1854266731,60,'Ninewells Hospital','2024-10-11 00:00:00','Positive'),(1032,5142798268,40,'Queen\'s Medical Centre','2023-04-10 00:00:00','Negative'),(1033,2129504499,13,'Royal Free Hospital','2023-10-25 00:00:00','Positive'),(1034,9328532896,50,'Freeman Hospital','2024-12-03 00:00:00','Negative'),(1035,6240200379,82,'Glasgow Royal Infirmary','2024-09-17 00:00:00','Positive'),(1036,3265171498,5,'Royal Sussex County Hospital','2023-06-28 00:00:00','Negative'),(1037,3625606218,20,'St. George\'s Hospital','2024-09-25 00:00:00','Positive'),(1038,5432772438,48,'Wythenshawe Hospital','2023-06-30 00:00:00','Negative'),(1039,6123154154,55,'Morriston Hospital','2024-06-24 00:00:00','Positive'),(1040,8405435643,14,'Derriford Hospital','2024-03-01 00:00:00','Negative'),(1041,3983969776,25,'Royal Blackburn Hospital','2024-08-16 00:00:00','Positive'),(1042,3428187541,75,'Stoke Mandeville Hospital','2024-05-01 00:00:00','Negative'),(1043,9863426325,9,'James Cook University Hospital','2024-05-12 00:00:00','Positive'),(1044,8574027733,67,'Aberdeen Royal Infirmary','2023-08-05 00:00:00','Negative'),(1045,5070344026,45,'Queen Elizabeth University Hosp','2024-03-27 00:00:00','Positive'),(1046,1131221464,77,'York Hospital','2023-07-16 00:00:00','Negative'),(1047,5817739406,77,'Royal Derby Hospital','2023-12-25 00:00:00','Positive'),(1048,1911199654,13,'Milton Keynes University Hosp','2023-05-25 00:00:00','Negative'),(1049,2178696058,54,'Southmead Hospital','2024-11-06 00:00:00','Positive'),(1050,8903510470,45,'Princess Royal Hospital','2023-06-19 00:00:00','Negative'),(1051,1269637094,6,'Royal London Hospital','2024-05-28 00:00:00','Positive'),(1052,2131396274,70,'Manchester Royal Infirmary','2024-05-12 00:00:00','Negative'),(1053,8830826721,53,'St. Thomas\' Hospital','2023-01-20 00:00:00','Positive'),(1054,7235395789,67,'Birmingham City Hospital','2023-08-04 00:00:00','Negative'),(1055,7237693025,87,'Addenbrooke\'s Hospital','2023-06-26 00:00:00','Positive'),(1056,4176342698,33,'Great Ormond Street Hospital','2024-12-21 00:00:00','Negative'),(1057,9297887442,91,'University Hospital Southampton','2024-08-10 00:00:00','Positive'),(1058,8572986192,27,'Royal Victoria Infirmary','2024-06-08 00:00:00','Negative'),(1059,3214646245,45,'Queen Elizabeth Hospital','2023-12-05 00:00:00','Positive'),(1060,5698618612,100,'Norfolk and Norwich Hospital','2023-01-26 00:00:00','Negative'),(1061,6152917563,73,'Leeds General Infirmary','2023-12-11 00:00:00','Positive'),(1062,2824052598,15,'Guy\'s Hospital','2023-02-02 00:00:00','Negative'),(1063,6950863169,48,'Charing Cross Hospital','2024-09-18 00:00:00','Positive'),(1064,7815766217,63,'John Radcliffe Hospital','2024-02-19 00:00:00','Negative'),(1066,1520859138,41,'Hull Royal Infirmary','2024-02-19 00:00:00','Negative'),(1067,3207966203,50,'Bristol Royal Infirmary','2023-04-15 00:00:00','Positive'),(1068,7571843396,67,'Western General Hospital','2023-08-20 00:00:00','Negative'),(1069,2102655670,33,'Ninewells Hospital','2023-01-29 00:00:00','Positive'),(1070,6166660824,35,'Queen\'s Medical Centre','2023-12-02 00:00:00','Negative'),(1071,2347819056,78,'Royal Free Hospital','2023-08-23 00:00:00','Positive'),(1072,2804386040,56,'Freeman Hospital','2024-03-11 00:00:00','Negative'),(1073,1729351600,15,'Glasgow Royal Infirmary','2024-04-01 00:00:00','Positive'),(1074,7237502945,42,'Royal Sussex County Hospital','2024-05-21 00:00:00','Negative'),(1075,1403130821,30,'St. George\'s Hospital','2023-07-12 00:00:00','Positive'),(1076,6925814799,14,'Wythenshawe Hospital','2023-12-31 00:00:00','Negative'),(1077,4467277669,19,'Morriston Hospital','2023-03-08 00:00:00','Positive'),(1078,9053027320,52,'Derriford Hospital','2023-02-14 00:00:00','Negative'),(1079,8370964131,29,'Royal Blackburn Hospital','2023-06-04 00:00:00','Positive'),(1080,7480237228,2,'Stoke Mandeville Hospital','2024-07-12 00:00:00','Negative'),(1081,9344841809,96,'James Cook University Hospital','2024-12-27 00:00:00','Positive'),(1082,1835824178,10,'Aberdeen Royal Infirmary','2024-09-10 00:00:00','Negative'),(1083,2999217355,47,'Queen Elizabeth University Hosp','2024-09-23 00:00:00','Positive'),(1084,7004777390,2,'York Hospital','2023-02-22 00:00:00','Negative'),(1085,9427922946,17,'Royal Derby Hospital','2023-10-31 00:00:00','Positive'),(1086,5154546087,85,'Milton Keynes University Hosp','2024-04-18 00:00:00','Negative'),(1087,8780731315,2,'Southmead Hospital','2024-11-04 00:00:00','Positive'),(1088,7062160184,81,'Princess Royal Hospital','2024-01-11 00:00:00','Negative'),(1089,8749714514,30,'Royal London Hospital','2023-12-16 00:00:00','Positive'),(1090,2067158300,83,'Manchester Royal Infirmary','2023-10-22 00:00:00','Negative'),(1091,2034909478,91,'St. Thomas\' Hospital','2023-06-14 00:00:00','Positive'),(1092,3263874538,30,'Birmingham City Hospital','2023-12-17 00:00:00','Negative'),(1093,1350099487,29,'Addenbrooke\'s Hospital','2024-01-26 00:00:00','Positive'),(1094,2732803134,20,'Great Ormond Street Hospital','2024-08-10 00:00:00','Negative'),(1095,9268090113,2,'University Hospital Southampton','2024-03-21 00:00:00','Positive'),(1096,3587819218,48,'Royal Victoria Infirmary','2024-11-16 00:00:00','Negative'),(1097,2089561260,1,'Queen Elizabeth Hospital','2023-10-05 00:00:00','Positive'),(1098,5470931270,71,'Norfolk and Norwich Hospital','2024-07-12 00:00:00','Negative'),(1099,6159290617,58,'Leeds General Infirmary','2023-08-31 00:00:00','Positive'),(1100,1903329713,1,'Guy\'s Hospital','2024-04-15 00:00:00','Negative');
/*!40000 ALTER TABLE `labtests` ENABLE KEYS */;
UNLOCK TABLES;

--
-- Table structure for table `medications`
--

DROP TABLE IF EXISTS `medications`;
/*!40101 SET @saved_cs_client     = @@character_set_client */;
/*!50503 SET character_set_client = utf8mb4 */;
CREATE TABLE `medications` (
  `medication_id` int NOT NULL,
  `api` varchar(255) DEFAULT NULL,
  `dosage` int DEFAULT NULL,
  `dosage_unit` varchar(10) DEFAULT NULL,
  `dosage_form` varchar(50) DEFAULT NULL,
  `route` varchar(50) DEFAULT NULL,
  `manufacturer` varchar(255) DEFAULT NULL,
  PRIMARY KEY (`medication_id`)
) ENGINE=InnoDB DEFAULT CHARSET=utf8mb4 COLLATE=utf8mb4_0900_ai_ci;
/*!40101 SET character_set_client = @saved_cs_client */;

--
-- Dumping data for table `medications`
--

LOCK TABLES `medications` WRITE;
/*!40000 ALTER TABLE `medications` DISABLE KEYS */;
INSERT INTO `medications` VALUES (331,'Paracetamol',500,'mg','Tablet','Oral','GSK'),(332,'Ibuprofen',200,'mg','Tablet','Oral','Pfizer'),(333,'Amoxicillin',250,'mg','Capsule','Oral','Sanofi'),(334,'Ciprofloxacin',500,'mg','Tablet','Oral','Bayer'),(335,'Metformin',850,'mg','Tablet','Oral','Novartis'),(336,'Losartan',50,'mg','Tablet','Oral','Merck'),(337,'Atorvastatin',20,'mg','Tablet','Oral','Pfizer'),(338,'Omeprazole',40,'mg','Capsule','Oral','AstraZeneca'),(339,'Salbutamol',100,'mcg','Inhaler','Inhalation','GSK'),(340,'Amlodipine',5,'mg','Tablet','Oral','Pfizer'),(341,'Clopidogrel',75,'mg','Tablet','Oral','Sanofi'),(342,'Doxycycline',100,'mg','Capsule','Oral','Bayer'),(343,'Levothyroxine',50,'mcg','Tablet','Oral','Merck'),(344,'Hydrochlorothiazide',25,'mg','Tablet','Oral','Novartis'),(345,'Ranitidine',150,'mg','Tablet','Oral','GSK'),(346,'Prednisone',20,'mg','Tablet','Oral','Pfizer'),(347,'Insulin Glargine',10,'IU','Injection','Subcutaneous','Sanofi'),(348,'Fluoxetine',20,'mg','Capsule','Oral','Bayer'),(349,'Cetirizine',10,'mg','Tablet','Oral','Novartis'),(350,'Azithromycin',500,'mg','Tablet','Oral','GSK'),(351,'Methotrexate',10,'mg','Tablet','Oral','Pfizer'),(352,'Tramadol',50,'mg','Tablet','Oral','Sanofi'),(353,'Gabapentin',300,'mg','Capsule','Oral','Bayer'),(354,'Metoprolol',25,'mg','Tablet','Oral','Novartis'),(355,'Alendronate',70,'mg','Tablet','Oral','GSK'),(356,'Warfarin',5,'mg','Tablet','Oral','Pfizer'),(357,'Simvastatin',10,'mg','Tablet','Oral','Sanofi'),(358,'Montelukast',10,'mg','Tablet','Oral','Bayer'),(359,'Tamsulosin',0,'mg','Capsule','Oral','Novartis'),(360,'Vildagliptin',50,'mg','Tablet','Oral','GSK'),(361,'Salbutamol',197,'mcg','Suspension','Topical','Wellness Inc.'),(362,'Letrozole',717,'g','Capsule','Subcutaneous','GlobalMed'),(363,'Clopidogrel',112,'mg','Tablet','Inhalation','Wellness Inc.'),(364,'Paracetamol',893,'g','Capsule','Topical','BioPharm'),(365,'Isoniazid',480,'mcg','Tablet','Inhalation','HealthCorp'),(366,'Fluconazole',219,'mg','Suspension','Topical','BioPharm'),(367,'Desmopressin',231,'mcg','Ointment','Oral','MediLife'),(368,'Voriconazole',485,'mcg','Capsule','Topical','PharmaTech'),(369,'Valproate',657,'mcg','Injection','Inhalation','BioPharm'),(370,'Oseltamivir',51,'mcg','Ointment','Inhalation','Wellness Inc.'),(371,'Zolpidem',214,'g','Ointment','Intravenous','BioPharm'),(372,'Insulin',877,'mcg','Suspension','Oral','GlobalMed'),(373,'Amitriptyline',83,'g','Capsule','Subcutaneous','Wellness Inc.'),(374,'Fondaparinux',466,'mcg','Ointment','Intravenous','Wellness Inc.'),(375,'Hydroxychloroquine',968,'IU','Ointment','Intravenous','Wellness Inc.'),(376,'Tinzaparin',431,'IU','Ointment','Intravenous','PharmaTech'),(377,'Carbamazepine',56,'IU','Ointment','Subcutaneous','HealthCorp'),(378,'Oral Rehydration Salts',950,'mcg','Solution','Subcutaneous','PharmaTech'),(379,'Amlodipine',571,'g','Solution','Topical','HealthCorp'),(380,'Quetiapine',707,'mcg','Ointment','Intravenous','GlobalMed'),(381,'Letrozole',930,'mg','Injection','Inhalation','HealthCorp'),(382,'Metformin',40,'mg','Injection','Subcutaneous','PharmaTech'),(383,'Nivolumab',201,'mcg','Suspension','Oral','Wellness Inc.'),(384,'Chloramphenicol',965,'g','Capsule','Topical','BioPharm'),(385,'Risperidone',228,'mg','Solution','Subcutaneous','GlobalMed'),(386,'Orlistat',366,'g','Capsule','Topical','BioPharm'),(387,'Methotrexate',875,'IU','Suspension','Subcutaneous','GlobalMed'),(388,'Atropine',108,'IU','Suspension','Subcutaneous','PharmaTech'),(389,'Risperidone',492,'mg','Solution','Subcutaneous','Wellness Inc.'),(390,'Clozapine',461,'IU','Capsule','Topical','GlobalMed'),(391,'Ceftriaxone',225,'IU','Solution','Inhalation','PharmaTech'),(392,'Amitriptyline',271,'mcg','Tablet','Topical','GlobalMed'),(393,'Zolpidem',186,'mg','Injection','Inhalation','HealthCorp'),(394,'Interferon Beta',417,'mcg','Ointment','Topical','MediLife'),(395,'Fondaparinux',54,'mcg','Solution','Oral','MediLife'),(396,'Letrozole',417,'g','Ointment','Intravenous','HealthCorp'),(397,'Propylthiouracil',749,'g','Tablet','Topical','HealthCorp'),(398,'Oral Rehydration Salts',853,'IU','Suspension','Inhalation','MediLife'),(399,'Quetiapine',22,'g','Capsule','Oral','BioPharm'),(400,'Colchicine',138,'mg','Tablet','Subcutaneous','HealthCorp'),(401,'Loperamide',18,'mcg','Tablet','Inhalation','GlobalMed'),(402,'Tigecycline',545,'g','Ointment','Topical','HealthCorp'),(403,'Atropine',793,'IU','Ointment','Intravenous','HealthCorp'),(404,'Methotrexate',359,'g','Suspension','Oral','BioPharm'),(405,'Nivolumab',574,'mcg','Tablet','Oral','GlobalMed'),(406,'Sofosbuvir',43,'mg','Solution','Subcutaneous','Wellness Inc.'),(407,'Adalimumab',163,'g','Solution','Intravenous','PharmaTech'),(408,'Propranolol',591,'IU','Injection','Inhalation','HealthCorp'),(409,'Donepezil',335,'IU','Solution','Topical','PharmaTech'),(410,'Bisphosphonates',86,'g','Capsule','Subcutaneous','GlobalMed'),(411,'Colchicine',151,'mcg','Solution','Subcutaneous','HealthCorp'),(412,'Diltiazem',648,'mcg','Injection','Oral','MediLife'),(413,'Amlodipine',928,'mg','Solution','Subcutaneous','GlobalMed'),(414,'Sumatriptan',644,'mg','Suspension','Oral','GlobalMed'),(415,'Amphotericin B',735,'g','Ointment','Topical','BioPharm'),(416,'Nivolumab',743,'mg','Injection','Oral','PharmaTech'),(417,'Warfarin',773,'mg','Tablet','Subcutaneous','Wellness Inc.'),(418,'Cisplatin',800,'IU','Capsule','Subcutaneous','PharmaTech'),(419,'Bevacizumab',685,'mcg','Injection','Intravenous','HealthCorp'),(420,'Metformin',860,'mg','Ointment','Intravenous','PharmaTech'),(421,'Clozapine',236,'g','Capsule','Oral','HealthCorp'),(422,'Danazol',5,'mcg','Suspension','Subcutaneous','PharmaTech'),(423,'Fluconazole',97,'IU','Ointment','Topical','PharmaTech'),(424,'Amitriptyline',222,'g','Tablet','Inhalation','GlobalMed'),(425,'Bevacizumab',982,'g','Tablet','Inhalation','BioPharm'),(426,'Paracetamol',43,'mg','Tablet','Inhalation','PharmaTech'),(427,'Lisinopril',416,'mcg','Tablet','Intravenous','Wellness Inc.'),(428,'Carbamazepine',333,'g','Ointment','Inhalation','MediLife'),(429,'Ribavirin',983,'IU','Capsule','Intravenous','Wellness Inc.'),(430,'Doxycycline',704,'mcg','Ointment','Inhalation','GlobalMed');
/*!40000 ALTER TABLE `medications` ENABLE KEYS */;
UNLOCK TABLES;

--
-- Table structure for table `prescriptions`
--

DROP TABLE IF EXISTS `prescriptions`;
/*!40101 SET @saved_cs_client     = @@character_set_client */;
/*!50503 SET character_set_client = utf8mb4 */;
CREATE TABLE `prescriptions` (
  `prescription_id` int NOT NULL,
  `nhs_number` bigint NOT NULL,
  `doctor_id` int NOT NULL,
  `medication_id` int NOT NULL,
  `disease_id` int NOT NULL,
  `prescription_date` date NOT NULL,
  PRIMARY KEY (`prescription_id`),
  KEY `nhs_number` (`nhs_number`),
  KEY `medication_id` (`medication_id`),
  KEY `doctor_id` (`doctor_id`),
  CONSTRAINT `prescriptions_ibfk_1` FOREIGN KEY (`nhs_number`) REFERENCES `Patients` (`nhs_number`),
  CONSTRAINT `prescriptions_ibfk_2` FOREIGN KEY (`medication_id`) REFERENCES `medications` (`medication_id`),
  CONSTRAINT `prescriptions_ibfk_3` FOREIGN KEY (`doctor_id`) REFERENCES `doctors` (`doctor_id`)
) ENGINE=InnoDB DEFAULT CHARSET=utf8mb4 COLLATE=utf8mb4_0900_ai_ci;
/*!40101 SET character_set_client = @saved_cs_client */;

--
-- Dumping data for table `prescriptions`
--

LOCK TABLES `prescriptions` WRITE;
/*!40000 ALTER TABLE `prescriptions` DISABLE KEYS */;
INSERT INTO `prescriptions` VALUES (90001,7839234836,1,425,650,'2024-12-08'),(90002,6781300242,2,337,659,'2024-03-09'),(90003,4985392519,3,339,630,'2023-10-03'),(90004,6628136518,4,389,671,'2024-03-22'),(90005,2405278433,5,342,645,'2024-06-23'),(90006,3465904517,6,338,653,'2023-10-18'),(90007,5811874138,7,358,620,'2024-09-02'),(90008,5645230630,8,355,653,'2024-10-19'),(90009,2754926004,9,355,656,'2023-04-24'),(90010,9527654642,10,333,663,'2024-05-15'),(90011,9505191105,11,384,640,'2024-07-08'),(90012,4211105460,12,390,663,'2024-08-10'),(90013,7435591594,13,421,625,'2024-12-03'),(90014,8807994515,14,428,669,'2024-04-15'),(90015,5745586731,15,351,659,'2023-09-09'),(90016,5085037806,16,353,633,'2024-01-13'),(90017,8541615192,17,402,672,'2023-10-28'),(90018,8289172851,18,355,659,'2023-06-19'),(90019,9871716006,19,366,627,'2023-09-11'),(90020,5681434377,20,371,669,'2023-03-13'),(90021,6400034890,21,408,647,'2024-03-31'),(90022,9420369543,22,389,667,'2024-04-20'),(90023,3920053289,23,355,614,'2024-01-09'),(90024,4417012135,24,381,617,'2023-11-08'),(90025,7620793884,25,358,633,'2023-08-11'),(90026,6320919108,26,339,639,'2024-12-08'),(90027,5782237508,27,367,656,'2023-10-08'),(90028,8877970690,28,379,636,'2023-03-12'),(90029,1910099330,29,359,669,'2024-11-26'),(90030,1398908798,30,362,650,'2024-09-11'),(90031,1966742098,31,336,671,'2023-12-25'),(90032,3514695716,32,376,662,'2024-06-07'),(90033,1753525437,33,376,645,'2024-11-05'),(90034,1709355320,34,359,638,'2023-05-08'),(90035,3550276049,35,358,647,'2023-09-06'),(90036,5518352966,36,380,624,'2023-12-21'),(90037,1059121755,37,390,678,'2023-12-25'),(90038,2596390229,38,420,651,'2024-09-01'),(90039,5561239831,39,413,657,'2023-10-06'),(90040,4018242828,40,370,632,'2024-07-14'),(90041,9889622636,41,350,681,'2024-02-29'),(90042,8222354209,42,335,665,'2024-04-05'),(90043,3692017460,43,372,649,'2024-05-27'),(90044,8377505700,44,369,646,'2023-02-08'),(90045,6980717717,45,421,646,'2024-04-26'),(90046,3661044532,46,425,646,'2024-08-18'),(90047,5240425028,47,416,651,'2024-04-26'),(90048,4589566458,48,331,633,'2024-01-09'),(90049,1188288290,49,350,646,'2023-10-19'),(90050,1566214037,50,402,649,'2024-07-21'),(90051,1925841771,51,430,670,'2023-07-11'),(90052,6846543879,52,368,641,'2023-06-15'),(90053,4852588802,53,360,670,'2024-05-01'),(90054,4741115164,54,358,631,'2024-05-21'),(90055,3700305921,55,361,631,'2023-11-01'),(90056,5964504024,56,427,653,'2024-03-01'),(90057,4638907728,57,404,643,'2023-06-28'),(90058,4834867340,58,421,643,'2024-04-01'),(90059,7824028019,59,334,656,'2024-10-28'),(90060,9372939169,60,370,657,'2024-10-03'),(90061,9614845577,61,378,661,'2023-09-24'),(90062,5684314921,62,341,658,'2023-10-13'),(90063,4545631206,63,383,633,'2024-02-29'),(90064,5187023287,64,347,643,'2023-08-17'),(90065,9346987109,65,337,669,'2023-08-14'),(90066,6695637299,66,349,649,'2023-05-20'),(90067,1683877054,67,340,653,'2024-11-08'),(90068,1043672092,68,338,649,'2023-07-03'),(90069,1372620458,69,405,680,'2023-03-11'),(90070,6944459151,70,351,644,'2024-09-15'),(90071,6238127006,71,372,629,'2023-08-26'),(90072,9365842390,72,399,650,'2024-11-01'),(90073,8525593426,73,363,642,'2023-04-15'),(90074,1744582863,74,343,668,'2023-05-20'),(90075,1408553209,75,409,642,'2023-01-20'),(90076,3067291478,76,369,665,'2023-05-18'),(90077,4629062256,77,419,664,'2023-10-23'),(90078,2098288135,78,420,663,'2024-11-24'),(90079,4299333092,79,344,651,'2023-12-24'),(90080,7296338951,80,420,649,'2023-05-04'),(90081,9549303743,81,379,663,'2023-04-15'),(90082,2249147400,82,394,651,'2024-11-20'),(90083,6932305732,83,402,643,'2024-05-13'),(90084,4515862088,84,428,651,'2023-08-26'),(90085,4028539201,85,424,658,'2024-02-08'),(90086,2918675506,86,388,641,'2023-09-07'),(90087,3431466075,87,342,652,'2024-09-06'),(90088,6320544868,88,425,663,'2023-07-03'),(90089,9339301188,89,377,662,'2023-01-24'),(90090,7649884752,90,393,649,'2024-07-23'),(90091,2348469791,91,405,654,'2024-03-26'),(90092,5619625894,92,416,648,'2023-05-03'),(90093,6472589890,93,388,627,'2024-04-30'),(90094,6283152812,94,336,639,'2024-06-05'),(90095,3651175436,95,347,652,'2023-02-14'),(90096,8872610580,96,344,625,'2024-06-14'),(90097,9211288960,97,343,658,'2023-07-28'),(90098,9595721555,98,422,681,'2023-12-26'),(90099,3797517764,99,395,643,'2023-05-15'),(90100,3656711033,100,427,645,'2023-08-24'),(90101,8511939464,1,425,610,'2024-09-01'),(90102,5301395227,2,342,608,'2024-06-27'),(90103,7017356097,3,331,646,'2023-10-22'),(90104,3977246721,4,430,653,'2024-09-29'),(90105,8970303709,5,341,635,'2024-06-04'),(90106,8399795638,6,334,673,'2023-03-16'),(90107,5405125803,7,355,662,'2023-12-07'),(90108,2295705897,8,370,642,'2023-11-19'),(90109,2600706975,9,385,653,'2025-01-03'),(90110,7385525281,10,361,659,'2023-07-12'),(90111,1953762321,11,428,652,'2023-04-22'),(90112,7277505084,12,375,666,'2023-04-17'),(90113,1182357078,13,406,639,'2023-05-15'),(90114,1576013632,14,340,630,'2023-06-21'),(90115,4983031724,15,362,635,'2023-09-01'),(90116,9743766580,16,377,652,'2024-06-11'),(90117,8539007099,17,339,663,'2023-08-12'),(90118,7453398120,18,342,657,'2025-01-01'),(90119,6180520878,19,374,653,'2023-01-20'),(90120,9945923427,20,354,648,'2023-04-14'),(90121,8426777939,21,353,647,'2023-04-18'),(90122,1248667449,22,385,629,'2023-01-20'),(90123,8457254734,23,362,670,'2023-08-10'),(90124,6856460478,24,365,628,'2023-12-22'),(90125,6933907239,25,428,647,'2024-01-09'),(90126,9903417028,26,425,651,'2024-12-05'),(90127,7862337334,27,376,661,'2024-06-15'),(90128,2566080914,28,357,659,'2023-06-20'),(90129,5849735738,29,354,644,'2024-11-14'),(90130,6570393913,30,360,654,'2024-02-29'),(90131,6950082197,31,350,662,'2024-05-30'),(90132,9430218711,32,424,634,'2024-06-14'),(90133,5920186348,33,341,642,'2024-12-14'),(90134,2715791402,34,424,635,'2025-01-12'),(90135,4402710693,35,426,648,'2023-06-02'),(90136,4123114580,36,365,628,'2024-08-31'),(90137,9977122206,37,378,672,'2024-05-30'),(90138,2707211125,38,416,650,'2024-08-28'),(90139,8375929346,39,353,658,'2024-01-24'),(90140,8993497339,40,358,633,'2024-08-20'),(90141,8412041882,41,347,632,'2023-01-21'),(90142,9457927119,42,351,658,'2023-12-31'),(90143,9663078903,43,376,639,'2023-11-05'),(90144,8035643246,44,417,659,'2024-08-05'),(90145,9332926088,45,358,671,'2024-04-07'),(90146,8520279482,46,356,644,'2023-01-26'),(90147,1481358879,47,371,660,'2023-06-15'),(90148,1736407918,48,357,668,'2024-10-22'),(90149,2184378629,49,346,657,'2024-07-04'),(90150,6450968950,50,343,662,'2024-02-22'),(90151,2345885056,51,399,652,'2023-03-30'),(90152,5053989070,52,419,617,'2024-05-15'),(90153,3930964198,53,415,654,'2023-08-27'),(90154,7625563786,54,371,654,'2023-02-28'),(90155,9741899748,55,351,653,'2023-09-27'),(90156,1371072812,56,351,680,'2024-08-08'),(90157,8973955708,57,418,685,'2023-05-26'),(90158,7960787749,58,378,637,'2024-05-08'),(90159,8599286443,59,397,661,'2024-03-18'),(90160,3198444843,60,417,617,'2024-07-27'),(90161,9229948897,61,389,653,'2023-06-01'),(90162,2971412801,62,426,643,'2024-03-07'),(90163,2328490799,63,352,644,'2023-07-22'),(90164,6798527463,64,347,663,'2024-02-04'),(90165,3055365147,65,350,636,'2024-04-30'),(90166,6379346836,66,344,665,'2024-11-16'),(90167,6205504120,67,411,636,'2024-04-12'),(90168,9808379634,68,423,650,'2023-05-22'),(90169,8982384920,69,406,655,'2024-11-15'),(90170,7609122446,70,378,652,'2023-06-28'),(90171,3936489657,71,396,645,'2024-01-18'),(90172,6770683643,72,387,666,'2023-03-21'),(90173,4059287171,73,340,666,'2023-09-30'),(90174,7517685806,74,333,660,'2024-05-11'),(90175,2842736194,75,382,638,'2023-12-15'),(90176,5195484101,76,410,670,'2024-07-10'),(90177,2780723965,77,390,648,'2024-06-18'),(90178,3639282917,78,401,640,'2023-09-19'),(90179,9372501538,79,344,631,'2024-09-21'),(90180,7617817396,80,343,623,'2024-11-07'),(90181,9254579415,81,360,642,'2023-06-04'),(90182,2718689504,82,374,655,'2024-05-15'),(90183,5130432792,83,389,640,'2023-01-28'),(90184,5005163453,84,346,677,'2024-10-16'),(90185,5693928888,85,385,635,'2024-06-26'),(90186,8740827378,86,368,648,'2024-04-27'),(90187,5458501987,87,410,602,'2023-03-10'),(90188,6518929210,88,429,653,'2023-10-03'),(90189,6455779737,89,410,661,'2024-05-23'),(90190,9108144771,90,370,659,'2024-06-20'),(90191,4119617000,91,338,648,'2023-07-03'),(90192,6498628815,92,382,655,'2023-02-09'),(90193,1464758851,93,406,657,'2023-03-23'),(90194,9280950796,94,389,656,'2024-05-02'),(90195,2711146398,95,419,646,'2023-03-02'),(90196,8576233573,96,370,632,'2023-04-29'),(90197,1450850556,97,398,680,'2024-05-13'),(90198,7871881598,98,344,661,'2024-05-09'),(90199,9932673391,99,379,652,'2023-03-22'),(90200,1008126622,100,381,648,'2024-06-08'),(90201,9541434093,1,390,632,'2023-08-07'),(90202,5372116802,2,348,646,'2023-02-01'),(90203,8425271795,3,342,646,'2023-11-24'),(90204,9430086431,4,381,656,'2025-01-03'),(90205,2555821693,5,426,644,'2024-10-17'),(90206,3450383401,6,373,630,'2024-12-25'),(90207,6111900443,7,342,657,'2024-09-15'),(90208,1298696848,8,409,639,'2023-12-09'),(90209,6681256439,9,393,635,'2023-09-07'),(90210,4333496738,10,334,643,'2023-04-20'),(90211,8142589851,11,392,632,'2023-07-24'),(90212,9768771962,12,348,642,'2023-11-16'),(90213,2387688880,13,400,640,'2024-08-19'),(90214,5921984634,14,413,681,'2024-12-24'),(90215,1738818567,15,341,634,'2024-10-28'),(90216,7809782318,16,376,642,'2024-01-17'),(90217,6841548083,17,349,659,'2024-10-04'),(90218,4663895606,18,343,655,'2023-11-22'),(90219,1598861512,19,376,651,'2023-03-01'),(90220,8857014670,20,417,650,'2024-03-24'),(90221,8904679660,21,384,647,'2024-04-14'),(90222,1832102648,22,367,659,'2023-08-27'),(90223,1256602709,23,338,634,'2023-10-04'),(90224,4956100226,24,331,657,'2024-12-21'),(90225,8848822255,25,373,644,'2023-07-19'),(90226,2074540177,26,396,644,'2024-09-20'),(90227,7192165552,27,430,667,'2023-11-09'),(90228,2565756212,28,336,643,'2024-02-19'),(90229,9696517401,29,355,653,'2024-06-05'),(90230,1854316223,30,333,639,'2023-02-02'),(90231,2773797998,31,387,625,'2023-03-05'),(90232,9669565327,32,396,652,'2024-09-14'),(90233,8708473514,33,410,650,'2024-09-21'),(90234,4290436159,34,403,669,'2024-12-26'),(90235,7019450328,35,408,644,'2024-12-08'),(90236,7647293154,36,379,649,'2024-12-24'),(90237,7628319970,37,370,664,'2024-11-14'),(90238,3232191128,38,409,656,'2023-06-02'),(90239,9990301899,39,407,630,'2023-01-19'),(90240,6014341758,40,400,627,'2024-06-25'),(90241,6349678009,41,387,646,'2024-08-27'),(90242,4463849708,42,340,642,'2024-02-28'),(90243,5452702351,43,396,650,'2024-01-14'),(90244,6104124102,44,374,645,'2023-10-22'),(90245,5242413558,45,405,637,'2023-06-25'),(90246,3879446813,46,337,643,'2023-09-06'),(90247,9402551995,47,344,638,'2023-03-05'),(90248,3676338118,48,402,648,'2023-07-17'),(90249,2401861447,49,425,667,'2024-03-06'),(90250,6935981137,50,406,640,'2023-09-29'),(90251,1507929743,51,370,652,'2024-02-17'),(90252,9084226812,52,365,668,'2023-09-29'),(90253,8792218908,53,380,656,'2024-07-08'),(90254,1285141862,54,370,637,'2023-10-20'),(90255,8360859733,55,381,645,'2023-09-28'),(90256,8886109156,56,396,658,'2023-03-07'),(90257,6485426122,57,410,662,'2024-12-14'),(90258,4060102679,58,415,693,'2023-05-03'),(90259,8976172378,59,357,637,'2024-03-13'),(90260,1881674472,60,358,631,'2025-01-03'),(90261,8631672594,61,392,663,'2023-03-18'),(90262,2754909163,62,408,648,'2023-03-22'),(90263,7695042500,63,353,672,'2023-04-08'),(90264,9850294370,64,361,644,'2024-04-09'),(90265,2484418989,65,417,634,'2023-06-19'),(90266,8282995550,66,352,680,'2024-02-03'),(90267,4985658472,67,332,658,'2024-04-09'),(90268,4657054869,68,407,641,'2024-04-08'),(90269,6908404377,69,341,653,'2024-06-21'),(90270,1777957780,70,367,633,'2024-07-25'),(90271,3762149735,71,356,652,'2024-07-20'),(90272,7405890455,72,354,646,'2023-06-22'),(90273,9683283092,73,383,646,'2023-11-08'),(90274,4118875605,74,332,621,'2024-01-03'),(90275,6784750365,75,336,651,'2023-09-23'),(90276,8884899568,76,353,666,'2024-05-09'),(90277,6199168561,77,363,634,'2023-10-22'),(90278,7662990921,78,365,670,'2024-05-19'),(90279,5424117590,79,342,652,'2024-03-06'),(90280,8310896663,80,359,655,'2023-12-04'),(90281,2851469545,81,377,639,'2023-10-08'),(90282,7579317895,82,424,658,'2024-04-13'),(90283,2273638739,83,387,642,'2024-07-24'),(90284,9217987760,84,364,658,'2023-05-22'),(90285,3145791185,85,340,660,'2024-12-05'),(90286,6308951260,86,370,684,'2024-12-26'),(90287,2611353822,87,386,634,'2023-12-23'),(90288,5737334683,88,405,666,'2023-12-14'),(90289,7915754979,89,373,638,'2024-09-21'),(90290,1300877091,90,411,635,'2024-09-27'),(90291,6781544196,91,348,632,'2023-11-20'),(90292,3251084242,92,395,649,'2024-05-01'),(90293,9098590828,93,414,649,'2024-05-14'),(90294,8806550197,94,374,667,'2024-04-02'),(90295,1395306898,95,333,630,'2025-01-01'),(90296,4726432594,96,375,650,'2024-01-17'),(90297,3921662641,97,353,664,'2023-03-18'),(90298,1269387088,98,366,679,'2024-06-25'),(90299,1280214306,99,404,633,'2024-06-23'),(90300,5504884818,100,360,632,'2023-08-18'),(90301,4720688902,1,348,661,'2023-07-11'),(90302,9329131354,2,412,639,'2023-12-01'),(90303,1347127385,3,415,647,'2023-04-07'),(90304,8101534147,4,392,674,'2024-05-01'),(90305,9283701165,5,428,640,'2023-08-22'),(90306,2561917609,6,358,662,'2023-03-25'),(90307,6390498161,7,333,655,'2023-12-27'),(90308,6702658741,8,414,654,'2023-09-01'),(90309,5048687803,9,375,631,'2023-03-14'),(90310,6149672287,10,372,654,'2024-02-02'),(90311,4313816775,11,348,652,'2023-05-06'),(90312,9812775288,12,390,650,'2023-06-19'),(90313,1968521096,13,349,653,'2024-04-07'),(90314,2582286502,14,356,630,'2023-04-03'),(90315,2858281270,15,382,639,'2023-02-15'),(90316,5042456299,16,367,655,'2024-11-19'),(90317,3987937082,17,401,659,'2024-01-02'),(90318,7602053048,18,334,660,'2023-12-18'),(90319,4034880510,19,349,646,'2024-08-29'),(90320,5436877135,20,362,651,'2024-01-17'),(90321,4531405156,21,395,655,'2023-06-27'),(90322,5276889853,22,331,662,'2024-09-01'),(90323,8906877104,23,332,625,'2023-05-23'),(90324,6984556247,24,388,632,'2023-03-19'),(90325,7603203153,25,370,683,'2024-03-31'),(90326,1115112666,26,349,658,'2024-07-13'),(90327,9066701787,27,406,660,'2023-06-28'),(90328,6872229043,28,386,639,'2024-11-19'),(90329,7322491228,29,399,640,'2024-08-02'),(90330,3010700984,30,342,649,'2023-09-12'),(90331,2239558229,31,398,650,'2024-02-11'),(90332,8284670854,32,413,657,'2024-06-01'),(90333,8321068554,33,360,624,'2023-08-27'),(90334,2156028585,34,410,663,'2024-03-25'),(90335,3840066025,35,363,640,'2023-05-25'),(90336,5841116468,36,333,643,'2024-02-29'),(90337,6867144474,37,369,673,'2023-09-12'),(90338,1438570863,38,341,656,'2024-10-06'),(90339,2457352278,39,356,640,'2024-04-14'),(90340,1066417490,40,382,651,'2023-09-27'),(90341,6681669757,41,427,633,'2024-02-06'),(90342,5960926699,42,360,655,'2023-07-15'),(90343,7716587302,43,355,623,'2024-10-04'),(90344,6531652723,44,339,670,'2024-07-27'),(90345,1970059787,45,388,657,'2023-12-05'),(90346,9171748488,46,429,661,'2024-04-05'),(90347,6118591516,47,411,646,'2024-06-09'),(90348,8957616841,48,390,682,'2023-09-30'),(90349,5640364495,49,385,659,'2024-12-09'),(90350,9154131262,50,371,631,'2024-03-01'),(90351,6059937794,51,355,682,'2023-08-08'),(90352,3011530705,52,367,668,'2024-10-13'),(90353,5209389425,53,400,645,'2023-09-23'),(90354,1310841406,54,402,658,'2023-11-21'),(90355,9635990241,55,350,638,'2024-11-30'),(90356,4184043461,56,355,671,'2023-11-07'),(90357,3087335479,57,416,652,'2023-06-27'),(90358,2651899474,58,358,646,'2024-09-26'),(90359,3693476729,59,364,628,'2023-08-22'),(90360,5800953809,60,411,607,'2023-10-26'),(90361,8213155961,61,352,661,'2023-09-18'),(90362,4707848516,62,346,669,'2023-09-04'),(90363,1946497124,63,422,647,'2023-02-01'),(90364,4776326404,64,372,636,'2023-07-11'),(90365,7948989521,65,424,660,'2023-05-19'),(90366,4517573503,66,357,635,'2023-10-11'),(90367,8117782244,67,412,637,'2024-12-12'),(90368,9177477882,68,410,616,'2024-08-27'),(90369,3994977498,69,340,640,'2023-08-31'),(90370,7102542558,70,361,649,'2023-09-18'),(90371,5691480991,71,395,670,'2023-10-04'),(90372,1971402941,72,359,637,'2024-08-14'),(90373,3510427357,73,419,620,'2024-06-05'),(90374,4730067289,74,380,630,'2024-06-18'),(90375,9251253426,75,421,642,'2023-02-09'),(90376,8695995452,76,354,649,'2023-07-23'),(90377,9777727839,77,386,650,'2024-04-17'),(90378,8251016843,78,410,623,'2023-09-24'),(90379,9882942273,79,430,632,'2024-01-15'),(90380,9032334692,80,344,652,'2024-12-11'),(90381,4796275705,81,408,665,'2024-06-15'),(90382,4726389206,82,399,652,'2024-01-04'),(90383,5642128656,83,420,640,'2023-06-24'),(90384,5563856688,84,335,657,'2023-02-20'),(90385,4630021660,85,387,666,'2024-04-07'),(90386,6733765194,86,377,683,'2023-05-12'),(90387,6640993473,87,362,661,'2023-11-04'),(90388,3042087452,88,344,670,'2023-08-28'),(90389,5493086007,89,394,628,'2024-07-18'),(90390,4228470732,90,428,679,'2023-05-29'),(90391,1453048199,91,372,642,'2023-03-10'),(90392,5547325514,92,331,650,'2024-08-23'),(90393,3049992079,93,406,670,'2024-01-18'),(90394,3815542510,94,341,660,'2023-12-27'),(90395,3884361386,95,414,652,'2023-04-28'),(90396,8558218363,96,371,670,'2024-07-15'),(90397,5015246014,97,398,648,'2024-05-25'),(90398,1760099157,98,386,642,'2024-11-09'),(90399,7637228637,99,414,649,'2023-06-07'),(90400,7835133873,100,424,651,'2023-03-09'),(90401,4514863926,1,343,639,'2023-04-30'),(90402,7573739431,2,341,658,'2023-12-31'),(90403,3633877309,3,343,638,'2024-05-04'),(90404,8491976021,4,383,640,'2024-05-16'),(90405,3961999317,5,337,634,'2023-06-19'),(90406,6942374949,6,350,676,'2023-10-10'),(90407,3560047058,7,378,657,'2023-02-20'),(90408,8082739038,8,381,653,'2024-07-31'),(90409,8970266189,9,356,668,'2023-03-21'),(90410,5864010651,10,384,665,'2023-07-11'),(90411,1985310331,11,339,637,'2024-03-09'),(90412,6875763291,12,429,634,'2024-09-24'),(90413,8609806992,13,336,654,'2023-05-19'),(90414,1670946123,14,364,638,'2024-07-22'),(90415,1512678675,15,369,635,'2024-10-20'),(90416,8239519167,16,344,665,'2023-05-27'),(90417,2995890080,17,396,644,'2024-04-27'),(90418,3584669269,18,382,641,'2023-04-06'),(90419,9287181749,19,390,648,'2024-11-14'),(90420,6711612968,20,377,624,'2024-12-03'),(90421,2635920169,21,396,642,'2024-12-13'),(90422,3752459289,22,397,645,'2024-03-05'),(90423,4911069591,23,405,645,'2024-03-16'),(90424,2818066593,24,388,655,'2023-09-24'),(90425,2649359965,25,417,637,'2024-03-14'),(90426,8118651788,26,372,657,'2023-06-03'),(90427,2027666540,27,420,640,'2024-08-26'),(90428,5775304276,28,379,626,'2023-08-02'),(90429,7095962105,29,389,674,'2025-01-02'),(90430,8236809054,30,384,640,'2023-12-27'),(90431,8286817963,31,350,629,'2023-04-09'),(90432,1306224634,32,371,657,'2024-07-19'),(90433,7065592866,33,342,666,'2024-05-09'),(90434,5929233094,34,344,646,'2024-08-09'),(90435,2986520601,35,344,648,'2024-02-10'),(90436,3065556632,36,334,654,'2024-07-24'),(90437,8114277090,37,424,666,'2024-08-05'),(90438,9165947059,38,385,632,'2023-11-28'),(90439,4773395735,39,377,655,'2024-07-24'),(90440,1724063022,40,343,635,'2024-02-06'),(90441,1909102377,41,410,683,'2025-01-02'),(90442,2509097351,42,349,665,'2024-12-08'),(90443,5138505086,43,367,658,'2023-07-22'),(90444,3026063503,44,398,637,'2023-10-05'),(90445,6107651763,45,389,608,'2024-05-30'),(90446,7983596568,46,403,638,'2024-04-16'),(90447,4515188342,47,367,650,'2023-09-07'),(90448,6441643590,48,364,635,'2023-12-14'),(90449,3707805819,49,408,635,'2023-06-20'),(90450,9994837717,50,398,651,'2024-08-09'),(90451,6823913749,51,347,675,'2023-08-31'),(90452,8629996386,52,357,676,'2024-05-10'),(90453,8495595242,53,420,642,'2024-12-01'),(90454,3718806331,54,352,665,'2023-05-20'),(90455,1591729974,55,430,647,'2024-08-03'),(90456,7975756901,56,346,630,'2023-09-15'),(90457,5609223023,57,429,665,'2023-05-06'),(90458,3394760713,58,397,681,'2023-10-23'),(90459,3913623033,59,369,668,'2024-05-05'),(90460,4568610182,60,419,641,'2024-10-06'),(90461,3927737551,61,423,635,'2023-04-21'),(90462,2796924649,62,383,672,'2023-02-05'),(90463,9434822954,63,383,666,'2023-06-09'),(90464,9814608232,64,420,653,'2025-01-05'),(90465,5284596574,65,366,651,'2024-12-26'),(90466,3020339045,66,417,647,'2023-06-09'),(90467,5419368142,67,404,624,'2024-08-09'),(90468,7222369850,68,375,637,'2024-04-11'),(90469,8635034646,69,388,632,'2024-05-03'),(90470,4634201726,70,415,639,'2024-09-17'),(90471,7145715439,71,375,651,'2024-04-03'),(90472,9166872412,72,428,685,'2024-05-22'),(90473,1478098028,73,412,626,'2024-03-16'),(90474,5308713410,74,366,656,'2024-10-17'),(90475,5841181916,75,373,664,'2023-03-09'),(90476,4794951749,76,429,652,'2024-07-07'),(90477,5979876267,77,410,647,'2024-06-14'),(90478,8839284946,78,414,646,'2025-01-03'),(90479,2700156571,79,393,659,'2023-09-30'),(90480,1110371473,80,358,643,'2024-07-08'),(90481,6988436820,81,367,656,'2023-08-06'),(90482,8251949406,82,381,632,'2023-08-19'),(90483,8531951868,83,420,636,'2023-05-09'),(90484,2139240655,84,399,646,'2023-10-25'),(90485,2904139628,85,411,650,'2024-01-08'),(90486,1527115200,86,332,653,'2023-04-16'),(90487,1854266731,87,423,655,'2023-11-02'),(90488,5142798268,88,383,675,'2024-05-28'),(90489,2129504499,89,352,645,'2025-01-09'),(90490,9328532896,90,430,656,'2024-07-24'),(90491,6240200379,91,423,655,'2024-06-10'),(90492,3265171498,92,422,646,'2023-06-15'),(90493,3625606218,93,392,628,'2023-08-27'),(90494,5432772438,94,339,646,'2025-01-12'),(90495,6123154154,95,426,664,'2024-12-26'),(90496,8405435643,96,341,625,'2025-01-02'),(90497,3983969776,97,333,631,'2024-12-31'),(90498,3428187541,98,428,633,'2023-07-02'),(90499,9863426325,99,417,666,'2024-12-21'),(90500,8574027733,100,339,645,'2024-02-29');
/*!40000 ALTER TABLE `prescriptions` ENABLE KEYS */;
UNLOCK TABLES;
/*!40103 SET TIME_ZONE=@OLD_TIME_ZONE */;

/*!40101 SET SQL_MODE=@OLD_SQL_MODE */;
/*!40014 SET FOREIGN_KEY_CHECKS=@OLD_FOREIGN_KEY_CHECKS */;
/*!40014 SET UNIQUE_CHECKS=@OLD_UNIQUE_CHECKS */;
/*!40101 SET CHARACTER_SET_CLIENT=@OLD_CHARACTER_SET_CLIENT */;
/*!40101 SET CHARACTER_SET_RESULTS=@OLD_CHARACTER_SET_RESULTS */;
/*!40101 SET COLLATION_CONNECTION=@OLD_COLLATION_CONNECTION */;
/*!40111 SET SQL_NOTES=@OLD_SQL_NOTES */;

-- Dump completed on 2025-01-12 18:36:31
